-- phpMyAdmin SQL Dump
-- version 4.8.2
-- https://www.phpmyadmin.net/
--
-- Host: 127.0.0.1
-- Waktu pembuatan: 25 Jun 2023 pada 13.23
-- Versi server: 10.1.34-MariaDB
-- Versi PHP: 7.0.31

SET SQL_MODE = "NO_AUTO_VALUE_ON_ZERO";
SET AUTOCOMMIT = 0;
START TRANSACTION;
SET time_zone = "+00:00";


/*!40101 SET @OLD_CHARACTER_SET_CLIENT=@@CHARACTER_SET_CLIENT */;
/*!40101 SET @OLD_CHARACTER_SET_RESULTS=@@CHARACTER_SET_RESULTS */;
/*!40101 SET @OLD_COLLATION_CONNECTION=@@COLLATION_CONNECTION */;
/*!40101 SET NAMES utf8mb4 */;

--
-- Database: `spk`
--

-- --------------------------------------------------------

--
-- Struktur dari tabel `datatrain`
--

CREATE TABLE `datatrain` (
  `id_datatrain` int(11) NOT NULL,
  `id_peserta` int(11) NOT NULL,
  `id_kriteria` int(11) NOT NULL,
  `value_datatrain` double NOT NULL
) ENGINE=InnoDB DEFAULT CHARSET=utf8mb4;

--
-- Dumping data untuk tabel `datatrain`
--

INSERT INTO `datatrain` (`id_datatrain`, `id_peserta`, `id_kriteria`, `value_datatrain`) VALUES
(1, 1, 16, 0.8),
(2, 1, 17, 0),
(3, 1, 18, 0.473684211),
(4, 1, 19, 0.680851064),
(5, 1, 20, 0.111111111),
(6, 1, 21, 0.781818182),
(7, 2, 16, 1),
(8, 2, 17, 0),
(9, 2, 18, 0.342105263),
(10, 2, 19, 0.308510638),
(11, 2, 20, 0.555555556),
(12, 2, 21, 0.727272727),
(13, 3, 16, 0.4),
(14, 3, 17, 0),
(15, 3, 18, 0),
(16, 3, 19, 0),
(17, 3, 20, 0),
(18, 3, 21, 0.454545455),
(19, 4, 16, 0.8),
(20, 4, 17, 0),
(21, 4, 18, 0.605263158),
(22, 4, 19, 0.521276596),
(23, 4, 20, 0),
(24, 4, 21, 0.454545455),
(25, 5, 16, 0.6),
(26, 5, 17, 0),
(27, 5, 18, 0.473684211),
(28, 5, 19, 0.468085106),
(29, 5, 20, 0),
(30, 5, 21, 0.454545455),
(31, 6, 16, 0.6),
(32, 6, 17, 0),
(33, 6, 18, 1),
(34, 6, 19, 1),
(35, 6, 20, 0),
(36, 6, 21, 0.272727273),
(37, 7, 16, 0.2),
(38, 7, 17, 0),
(39, 7, 18, 0.078947368),
(40, 7, 19, 0.063829787),
(41, 7, 20, 0.111111111),
(42, 7, 21, 0.272727273),
(43, 8, 16, 0.8),
(44, 8, 17, 0),
(45, 8, 18, 0.473684211),
(46, 8, 19, 0.404255319),
(47, 8, 20, 0),
(48, 8, 21, 0.454545455),
(49, 9, 16, 0.8),
(50, 9, 17, 0),
(51, 9, 18, 0.473684211),
(52, 9, 19, 0.425531915),
(53, 9, 20, 0),
(54, 9, 21, 0.363636364),
(55, 10, 16, 0.6),
(56, 10, 17, 0),
(57, 10, 18, 0.552631579),
(58, 10, 19, 0.468085106),
(59, 10, 20, 0.01),
(60, 10, 21, 0.127272727),
(61, 11, 16, 0.8),
(62, 11, 17, 0),
(63, 11, 18, 0.210526316),
(64, 11, 19, 0.14893617),
(65, 11, 20, 0),
(66, 11, 21, 0.545454545),
(67, 12, 16, 0.4),
(68, 12, 17, 0),
(69, 12, 18, 0.342105263),
(70, 12, 19, 0.574468085),
(71, 12, 20, 0),
(72, 12, 21, 0),
(73, 13, 16, 0.8),
(74, 13, 17, 0),
(75, 13, 18, 0.210526316),
(76, 13, 19, 0.14893617),
(77, 13, 20, 0),
(78, 13, 21, 0.454545455),
(79, 14, 16, 0.4),
(80, 14, 17, 0),
(81, 14, 18, 0.342105263),
(82, 14, 19, 0.361702128),
(83, 14, 20, 0),
(84, 14, 21, 0.454545455),
(85, 15, 16, 0.8),
(86, 15, 17, 0),
(87, 15, 18, 0.605263158),
(88, 15, 19, 0.574468085),
(89, 15, 20, 0.666666667),
(90, 15, 21, 0.818181818),
(91, 16, 16, 0.4),
(92, 16, 17, 0),
(93, 16, 18, 0.342105263),
(94, 16, 19, 0.361702128),
(95, 16, 20, 0),
(96, 16, 21, 0.018181818),
(97, 17, 16, 0.6),
(98, 17, 17, 0),
(99, 17, 18, 0.342105263),
(100, 17, 19, 0.255319149),
(101, 17, 20, 0),
(102, 17, 21, 0.818181818),
(103, 18, 16, 0.6),
(104, 18, 17, 0),
(105, 18, 18, 0.342105263),
(106, 18, 19, 0.361702128),
(107, 18, 20, 0.277777778),
(108, 18, 21, 0.272727273),
(109, 19, 16, 0.8),
(110, 19, 17, 0),
(111, 19, 18, 0.473684211),
(112, 19, 19, 0.361702128),
(113, 19, 20, 0.222222222),
(114, 19, 21, 1),
(115, 20, 16, 0.6),
(116, 20, 17, 0),
(117, 20, 18, 0.342105263),
(118, 20, 19, 0.361702128),
(119, 20, 20, 0),
(120, 20, 21, 0.090909091),
(121, 21, 16, 0.4),
(122, 21, 17, 0),
(123, 21, 18, 0.736842105),
(124, 21, 19, 0.787234043),
(125, 21, 20, 0.833333333),
(126, 21, 21, 0.727272727),
(127, 22, 16, 0.2),
(128, 22, 17, 0),
(129, 22, 18, 0.342105263),
(130, 22, 19, 0.255319149),
(131, 22, 20, 0.333333333),
(132, 22, 21, 0.454545455),
(133, 23, 16, 0.8),
(134, 23, 17, 0),
(135, 23, 18, 0.605263158),
(136, 23, 19, 0.489361702),
(137, 23, 20, 0),
(138, 23, 21, 0.454545455),
(139, 24, 16, 0.8),
(140, 24, 17, 0),
(141, 24, 18, 0.605263158),
(142, 24, 19, 0.510638298),
(143, 24, 20, 0.333333333),
(144, 24, 21, 0.6),
(145, 25, 16, 0.6),
(146, 25, 17, 0),
(147, 25, 18, 0.605263158),
(148, 25, 19, 0.468085106),
(149, 25, 20, 0),
(150, 25, 21, 0.454545455),
(151, 26, 16, 0.4),
(152, 26, 17, 0),
(153, 26, 18, 0.763157895),
(154, 26, 19, 0.595744681),
(155, 26, 20, 0),
(156, 26, 21, 0.454545455),
(157, 27, 16, 0.4),
(158, 27, 17, 0),
(159, 27, 18, 0.605263158),
(160, 27, 19, 0.574468085),
(161, 27, 20, 1),
(162, 27, 21, 1),
(163, 28, 16, 0.6),
(164, 28, 17, 0),
(165, 28, 18, 0.605263158),
(166, 28, 19, 0.510638298),
(167, 28, 20, 0),
(168, 28, 21, 1),
(169, 29, 16, 1),
(170, 29, 17, 0),
(171, 29, 18, 0.605263158),
(172, 29, 19, 0.468085106),
(173, 29, 20, 0),
(174, 29, 21, 0.727272727),
(175, 30, 16, 0.4),
(176, 30, 17, 0),
(177, 30, 18, 0.210526316),
(178, 30, 19, 0.14893617),
(179, 30, 20, 0),
(180, 30, 21, 0.727272727),
(181, 31, 16, 0),
(182, 31, 17, 0),
(183, 31, 18, 0.210526316),
(184, 31, 19, 0.14893617),
(185, 31, 20, 0),
(186, 31, 21, 0.727272727),
(187, 32, 16, 0.4),
(188, 32, 17, 0),
(189, 32, 18, 0.342105263),
(190, 32, 19, 0.361702128),
(191, 32, 20, 0),
(192, 32, 21, 0.727272727),
(193, 33, 16, 0.4),
(194, 33, 17, 0),
(195, 33, 18, 0.473684211),
(196, 33, 19, 0.468085106),
(197, 33, 20, 0.666666667),
(198, 33, 21, 0.727272727),
(199, 34, 16, 0.4),
(200, 34, 17, 0),
(201, 34, 18, 0.342105263),
(202, 34, 19, 0.255319149),
(203, 34, 20, 0.111111111),
(204, 34, 21, 0.454545455),
(205, 35, 16, 0.6),
(206, 35, 17, 0),
(207, 35, 18, 0.342105263),
(208, 35, 19, 0.29787234),
(209, 35, 20, 0),
(210, 35, 21, 0.454545455),
(211, 36, 16, 0.6),
(212, 36, 17, 0),
(213, 36, 18, 0.473684211),
(214, 36, 19, 0.361702128),
(215, 36, 20, 0),
(216, 36, 21, 1),
(217, 37, 16, 0.4),
(218, 37, 17, 0),
(219, 37, 18, 0.342105263),
(220, 37, 19, 0.085106383),
(221, 37, 20, 0),
(222, 37, 21, 0.727272727),
(223, 38, 16, 0.4),
(224, 38, 17, 0),
(225, 38, 18, 0.342105263),
(226, 38, 19, 0.255319149),
(227, 38, 20, 0),
(228, 38, 21, 1.272727273),
(229, 39, 16, 0.6),
(230, 39, 17, 0),
(231, 39, 18, 0.394736842),
(232, 39, 19, 0.361702128),
(233, 39, 20, 0),
(234, 39, 21, 0.236363636),
(235, 40, 16, 0.4),
(236, 40, 17, 0),
(237, 40, 18, 0.605263158),
(238, 40, 19, 0.574468085),
(239, 40, 20, 0),
(240, 40, 21, 0.236363636),
(241, 41, 16, 0.6),
(242, 41, 17, 0),
(243, 41, 18, 0.342105263),
(244, 41, 19, 0.29787234),
(245, 41, 20, 0),
(246, 41, 21, 1.181818182),
(247, 42, 16, 0.4),
(248, 42, 17, 0),
(249, 42, 18, 0.210526316),
(250, 42, 19, 0.14893617),
(251, 42, 20, 0),
(252, 42, 21, 0.454545455),
(253, 43, 16, 0.4),
(254, 43, 17, 0),
(255, 43, 18, 0.131578947),
(256, 43, 19, 0.14893617),
(257, 43, 20, 0),
(258, 43, 21, 0.454545455),
(259, 44, 16, 0.4),
(260, 44, 17, 0),
(261, 44, 18, 0.342105263),
(262, 44, 19, 0.361702128),
(263, 44, 20, 0),
(264, 44, 21, 0.090909091),
(265, 45, 16, 0.2),
(266, 45, 17, 0),
(267, 45, 18, 0.473684211),
(268, 45, 19, 0.361702128),
(269, 45, 20, 0),
(270, 45, 21, 1.454545455),
(271, 46, 16, 0.8),
(272, 46, 17, 0),
(273, 46, 18, 0.342105263),
(274, 46, 19, 0.255319149),
(275, 46, 20, 0),
(276, 46, 21, 1.454545455),
(277, 47, 16, 0.6),
(278, 47, 17, 0),
(279, 47, 18, 0.342105263),
(280, 47, 19, 0.255319149),
(281, 47, 20, 0),
(282, 47, 21, 1.181818182),
(283, 48, 16, 0.6),
(284, 48, 17, 0),
(285, 48, 18, 0.342105263),
(286, 48, 19, 0.255319149),
(287, 48, 20, 0),
(288, 48, 21, 0.018181818),
(289, 49, 16, 0.4),
(290, 49, 17, 0),
(291, 49, 18, 0.342105263),
(292, 49, 19, 0.29787234),
(293, 49, 20, 0),
(294, 49, 21, 0.090909091),
(295, 50, 16, 0.6),
(296, 50, 17, 0),
(297, 50, 18, 0.473684211),
(298, 50, 19, 0.361702128),
(299, 50, 20, 0.777777778),
(300, 50, 21, 0.018181818),
(301, 51, 16, 0.6),
(302, 51, 17, 0),
(303, 51, 18, 0.473684211),
(304, 51, 19, 0.361702128),
(305, 51, 20, 0),
(306, 51, 21, 0.818181818),
(307, 52, 16, 0),
(308, 52, 17, 0),
(309, 52, 18, 0.078947368),
(310, 52, 19, 0.042553191),
(311, 52, 20, 0),
(312, 52, 21, 0.236363636),
(313, 53, 16, 0),
(314, 53, 17, 0),
(315, 53, 18, 0.078947368),
(316, 53, 19, 0.042553191),
(317, 53, 20, 0),
(318, 53, 21, 1),
(319, 54, 16, 0.6),
(320, 54, 17, 0),
(321, 54, 18, 0.342105263),
(322, 54, 19, 0.255319149),
(323, 54, 20, 0.555555556),
(324, 54, 21, 0.236363636),
(325, 55, 16, 0.6),
(326, 55, 17, 0),
(327, 55, 18, 0.473684211),
(328, 55, 19, 0.468085106),
(329, 55, 20, 0),
(330, 55, 21, 0.636363636),
(331, 56, 16, 0),
(332, 56, 17, 0),
(333, 56, 18, 0.473684211),
(334, 56, 19, 0.468085106),
(335, 56, 20, 0),
(336, 56, 21, 0.236363636),
(337, 57, 16, 0.6),
(338, 57, 17, 0),
(339, 57, 18, 0.210526316),
(340, 57, 19, 0.14893617),
(341, 57, 20, 0.111111111),
(342, 57, 21, 0.236363636),
(343, 58, 16, 0),
(344, 58, 17, 0),
(345, 58, 18, 0.078947368),
(346, 58, 19, 0.042553191),
(347, 58, 20, 0.055555556),
(348, 58, 21, 0.236363636),
(349, 59, 16, 0.6),
(350, 59, 17, 0),
(351, 59, 18, 0.342105263),
(352, 59, 19, 0.255319149),
(353, 59, 20, 0),
(354, 59, 21, 0.236363636),
(355, 60, 16, 0.4),
(356, 60, 17, 0),
(357, 60, 18, 0.473684211),
(358, 60, 19, 0.468085106),
(359, 60, 20, 0),
(360, 60, 21, 0.236363636),
(361, 61, 16, 0.2),
(362, 61, 17, 0),
(363, 61, 18, 0.342105263),
(364, 61, 19, 0.276595745),
(365, 61, 20, 0),
(366, 61, 21, 0.090909091),
(367, 62, 16, 0.6),
(368, 62, 17, 0),
(369, 62, 18, 0.605263158),
(370, 62, 19, 0.574468085),
(371, 62, 20, 0),
(372, 62, 21, 0.090909091),
(373, 63, 16, 0.8),
(374, 63, 17, 0),
(375, 63, 18, 0.684210526),
(376, 63, 19, 0.680851064),
(377, 63, 20, 0.666666667),
(378, 63, 21, 0.563636364),
(379, 64, 16, 1),
(380, 64, 17, 0),
(381, 64, 18, 0.342105263),
(382, 64, 19, 0.255319149),
(383, 64, 20, 0),
(384, 64, 21, 0.727272727),
(385, 65, 16, 0.4),
(386, 65, 17, 0),
(387, 65, 18, 0.342105263),
(388, 65, 19, 0.361702128),
(389, 65, 20, 0),
(390, 65, 21, 1.272727273),
(391, 66, 16, 0.6),
(392, 66, 17, 0),
(393, 66, 18, 0.342105263),
(394, 66, 19, 0.255319149),
(395, 66, 20, 0),
(396, 66, 21, 1.272727273),
(397, 67, 16, 0),
(398, 67, 17, 0),
(399, 67, 18, 0.210526316),
(400, 67, 19, 0.14893617),
(401, 67, 20, 0),
(402, 67, 21, 0.018181818),
(403, 68, 16, 0.4),
(404, 68, 17, 0),
(405, 68, 18, 0.342105263),
(406, 68, 19, 0.361702128),
(407, 68, 20, 0.666666667),
(408, 68, 21, 0),
(409, 69, 16, 0.8),
(410, 69, 17, 0),
(411, 69, 18, 0.210526316),
(412, 69, 19, 0.14893617),
(413, 69, 20, 0),
(414, 69, 21, 0.727272727),
(415, 70, 16, 0.8),
(416, 70, 17, 0),
(417, 70, 18, 0.473684211),
(418, 70, 19, 0.361702128),
(419, 70, 20, 0.277777778),
(420, 70, 21, 0.818181818),
(421, 71, 16, 0.2),
(422, 71, 17, 0),
(423, 71, 18, 0.473684211),
(424, 71, 19, 0.361702128),
(425, 71, 20, 0),
(426, 71, 21, 0.6),
(427, 72, 16, 0.2),
(428, 72, 17, 0),
(429, 72, 18, 0.473684211),
(430, 72, 19, 0.361702128),
(431, 72, 20, 0),
(432, 72, 21, 0.454545455),
(433, 73, 16, 1.6),
(434, 73, 17, 0),
(435, 73, 18, 0.921052632),
(436, 73, 19, 0.787234043),
(437, 73, 20, 3.566222222),
(438, 73, 21, 3.909090909),
(439, 74, 16, 1.2),
(440, 74, 17, 0),
(441, 74, 18, 0.315789474),
(442, 74, 19, 0.255319149),
(443, 74, 20, 0),
(444, 74, 21, 4.818181818),
(445, 75, 16, 0.4),
(446, 75, 17, 0),
(447, 75, 18, 0.276315789),
(448, 75, 19, 0.255319149),
(449, 75, 20, 0.293555556),
(450, 75, 21, 4.818181818),
(451, 76, 16, 0.4),
(452, 76, 17, 0),
(453, 76, 18, 0.421052632),
(454, 76, 19, 0.361702128),
(455, 76, 20, 1.904111111),
(456, 76, 21, 3),
(457, 77, 16, 1.8),
(458, 77, 17, 0),
(459, 77, 18, 0.263157895),
(460, 77, 19, 0.20212766),
(461, 77, 20, 0),
(462, 77, 21, 3),
(463, 78, 16, 0.6),
(464, 78, 17, 0),
(465, 78, 18, 0.421052632),
(466, 78, 19, 0.361702128),
(467, 78, 20, 2.060555556),
(468, 78, 21, 2.636363636),
(469, 79, 16, 1),
(470, 79, 17, 0),
(471, 79, 18, 0.144736842),
(472, 79, 19, 0.106382979),
(473, 79, 20, 0),
(474, 79, 21, 2.272727273),
(475, 80, 16, 0.2),
(476, 80, 17, 0),
(477, 80, 18, 0.25),
(478, 80, 19, 0.20212766),
(479, 80, 20, 0.483777778),
(480, 80, 21, 1.545454545),
(481, 81, 16, 0.4),
(482, 81, 17, 0),
(483, 81, 18, 0.065789474),
(484, 81, 19, 0.042553191),
(485, 81, 20, 0),
(486, 81, 21, 1.545454545),
(487, 82, 16, 1.8),
(488, 82, 17, 0),
(489, 82, 18, 0.328947368),
(490, 82, 19, 0.255319149),
(491, 82, 20, 2.876444444),
(492, 82, 21, 2.636363636),
(493, 83, 16, 0.2),
(494, 83, 17, 0),
(495, 83, 18, -0.078947368),
(496, 83, 19, -0.063829787),
(497, 83, 20, 0),
(498, 83, 21, 2.636363636),
(499, 84, 16, 0.6),
(500, 84, 17, 0),
(501, 84, 18, 0.052631579),
(502, 84, 19, 0.042553191),
(503, 84, 20, 0.326666667),
(504, 84, 21, 0.727272727),
(505, 85, 16, 0.8),
(506, 85, 17, 0),
(507, 85, 18, 0.447368421),
(508, 85, 19, 0.361702128),
(509, 85, 20, 0),
(510, 85, 21, 3.909090909),
(511, 86, 16, 0.4),
(512, 86, 17, 0),
(513, 86, 18, -0.026315789),
(514, 86, 19, -0.021276596),
(515, 86, 20, 0),
(516, 86, 21, 4.2),
(517, 87, 16, 0.6),
(518, 87, 17, 0),
(519, 87, 18, 0.578947368),
(520, 87, 19, 0.468085106),
(521, 87, 20, 5.753888889),
(522, 87, 21, 3.309090909),
(523, 88, 16, 0.6),
(524, 88, 17, 0),
(525, 88, 18, 0.394736842),
(526, 88, 19, 0.319148936),
(527, 88, 20, 0),
(528, 88, 21, 2.563636364),
(529, 89, 16, 0.8),
(530, 89, 17, 0),
(531, 89, 18, 0.447368421),
(532, 89, 19, 0.361702128),
(533, 89, 20, 0),
(534, 89, 21, 1.218181818),
(535, 90, 16, 0.2),
(536, 90, 17, 0),
(537, 90, 18, 0.065789474),
(538, 90, 19, 0.042553191),
(539, 90, 20, 0.153),
(540, 90, 21, 0),
(541, 91, 16, 0.4),
(542, 91, 17, 0),
(543, 91, 18, 0.328947368),
(544, 91, 19, 0.255319149),
(545, 91, 20, 0),
(546, 91, 21, 3.909090909),
(547, 92, 16, 0.6),
(548, 92, 17, 0),
(549, 92, 18, 0.434210526),
(550, 92, 19, 0.361702128),
(551, 92, 20, 0.760777778),
(552, 92, 21, 3.909090909),
(553, 93, 16, 1),
(554, 93, 17, 0),
(555, 93, 18, 0.710526316),
(556, 93, 19, 0.574468085),
(557, 93, 20, 0),
(558, 93, 21, 2.254545455),
(559, 94, 16, 0.8),
(560, 94, 17, 0),
(561, 94, 18, 0.065789474),
(562, 94, 19, 0.042553191),
(563, 94, 20, 0),
(564, 94, 21, 1.690909091),
(565, 95, 16, 0.6),
(566, 95, 17, 0),
(567, 95, 18, 0.131578947),
(568, 95, 19, 0.095744681),
(569, 95, 20, 0),
(570, 95, 21, 2.272727273),
(571, 96, 16, 0.2),
(572, 96, 17, 0),
(573, 96, 18, 0.052631579),
(574, 96, 19, 0.042553191),
(575, 96, 20, 0),
(576, 96, 21, 2.272727273),
(577, 97, 16, 0.6),
(578, 97, 17, 0),
(579, 97, 18, 0.263157895),
(580, 97, 19, 0.20212766),
(581, 97, 20, 0),
(582, 97, 21, 0.818181818),
(583, 98, 16, 0.6),
(584, 98, 17, 0),
(585, 98, 18, 0.052631579),
(586, 98, 19, 0.042553191),
(587, 98, 20, 0),
(588, 98, 21, 0.818181818),
(589, 99, 16, 0.2),
(590, 99, 17, 0),
(591, 99, 18, 0.144736842),
(592, 99, 19, 0.106382979),
(593, 99, 20, 0),
(594, 99, 21, 2.418181818),
(595, 100, 16, 0.4),
(596, 100, 17, 0),
(597, 100, 18, 0.315789474),
(598, 100, 19, 0.255319149),
(599, 100, 20, 0),
(600, 100, 21, 2.418181818),
(601, 101, 16, 0.4),
(602, 101, 17, 0),
(603, 101, 18, 0.447368421),
(604, 101, 19, 0.361702128),
(605, 101, 20, 0),
(606, 101, 21, 2.418181818),
(607, 102, 16, 0.8),
(608, 102, 17, 0),
(609, 102, 18, 0.184210526),
(610, 102, 19, 0.14893617),
(611, 102, 20, 1.355888889),
(612, 102, 21, 2.236363636),
(613, 103, 16, 1.2),
(614, 103, 17, 0),
(615, 103, 18, 0.065789474),
(616, 103, 19, 0.042553191),
(617, 103, 20, 0),
(618, 103, 21, 2.781818182),
(619, 104, 16, 0.2),
(620, 104, 17, 0),
(621, 104, 18, -0.065789474),
(622, 104, 19, -0.063829787),
(623, 104, 20, 0.667111111),
(624, 104, 21, 2.236363636),
(625, 105, 16, 0.8),
(626, 105, 17, 0),
(627, 105, 18, 0.144736842),
(628, 105, 19, 0.106382979),
(629, 105, 20, 1.079333333),
(630, 105, 21, 4.454545455),
(631, 106, 16, 0.2),
(632, 106, 17, 0),
(633, 106, 18, 0.065789474),
(634, 106, 19, 0.042553191),
(635, 106, 20, 0.474222222),
(636, 106, 21, 2.727272727),
(637, 107, 16, 1.2),
(638, 107, 17, 0),
(639, 107, 18, 0.157894737),
(640, 107, 19, 0.127659574),
(641, 107, 20, 0),
(642, 107, 21, 2.727272727),
(643, 108, 16, 0.6),
(644, 108, 17, 0),
(645, 108, 18, 0.263157895),
(646, 108, 19, 0.20212766),
(647, 108, 20, 0),
(648, 108, 21, 2.727272727),
(649, 109, 16, 0.4),
(650, 109, 17, 0),
(651, 109, 18, 0.313157895),
(652, 109, 19, 0.255319149),
(653, 109, 20, 0),
(654, 109, 21, 2.727272727),
(655, 110, 16, 0.4),
(656, 110, 17, 0),
(657, 110, 18, 0.144736842),
(658, 110, 19, 0.106382979),
(659, 110, 20, 0.663333333),
(660, 110, 21, 1.6),
(661, 111, 16, 0.4),
(662, 111, 17, 0),
(663, 111, 18, 0.578947368),
(664, 111, 19, 0.468085106),
(665, 111, 20, 0),
(666, 111, 21, 4.818181818),
(667, 112, 16, 0.2),
(668, 112, 17, 0),
(669, 112, 18, 0.147368421),
(670, 112, 19, 0.106382979),
(671, 112, 20, 0),
(672, 112, 21, 4.818181818),
(673, 113, 16, 0.2),
(674, 113, 17, 0),
(675, 113, 18, 0.2),
(676, 113, 19, 0.14893617),
(677, 113, 20, 0),
(678, 113, 21, 1.527272727),
(679, 114, 16, 1),
(680, 114, 17, 0),
(681, 114, 18, 0.2),
(682, 114, 19, 0.14893617),
(683, 114, 20, 0),
(684, 114, 21, 1.527272727),
(685, 115, 16, 0.6),
(686, 115, 17, 0),
(687, 115, 18, 0.184210526),
(688, 115, 19, 0.14893617),
(689, 115, 20, 0.362333333),
(690, 115, 21, 2.309090909),
(691, 116, 16, 0.2),
(692, 116, 17, 0),
(693, 116, 18, 0.131578947),
(694, 116, 19, 0.106382979),
(695, 116, 20, 0),
(696, 116, 21, 2.309090909),
(697, 117, 16, 0.8),
(698, 117, 17, 0),
(699, 117, 18, 0.068421053),
(700, 117, 19, 0.042553191),
(701, 117, 20, 0),
(702, 117, 21, 0.272727273),
(703, 118, 16, 0.2),
(704, 118, 17, 0),
(705, 118, 18, 0.105263158),
(706, 118, 19, 0.085106383),
(707, 118, 20, 0),
(708, 118, 21, 1.109090909),
(709, 119, 16, 0.8),
(710, 119, 17, 0),
(711, 119, 18, 0.115789474),
(712, 119, 19, 0.085106383),
(713, 119, 20, 0),
(714, 119, 21, 1.109090909),
(715, 120, 16, 0.8),
(716, 120, 17, 0),
(717, 120, 18, 0.263157895),
(718, 120, 19, 0.20212766),
(719, 120, 20, 0),
(720, 120, 21, 1.527272727),
(721, 121, 16, 0.4),
(722, 121, 17, 0),
(723, 121, 18, 0.131578947),
(724, 121, 19, 0.106382979),
(725, 121, 20, 0),
(726, 121, 21, 0);

-- --------------------------------------------------------

--
-- Struktur dari tabel `data_test`
--

CREATE TABLE `data_test` (
  `id_data_test` int(11) NOT NULL,
  `id_peserta` int(11) NOT NULL,
  `id_kriteria` int(11) NOT NULL,
  `value_data_test` float NOT NULL
) ENGINE=InnoDB DEFAULT CHARSET=utf8mb4;

--
-- Dumping data untuk tabel `data_test`
--

INSERT INTO `data_test` (`id_data_test`, `id_peserta`, `id_kriteria`, `value_data_test`) VALUES
(1, 29, 16, 0.56),
(2, 29, 17, 0),
(3, 29, 18, 0.634146),
(4, 29, 19, 0.5),
(5, 29, 20, 0),
(6, 29, 21, 0.25),
(7, 18, 16, 0.333333),
(8, 18, 17, 0),
(9, 18, 18, 0.390244),
(10, 18, 19, 0.4),
(11, 18, 20, 0.0482765),
(12, 18, 21, 0.166667),
(13, 4, 16, 0.444444),
(14, 4, 17, 0),
(15, 4, 18, 0.634146),
(16, 4, 19, 0.55),
(17, 4, 20, 0),
(18, 4, 21, 0.2),
(19, 5, 16, 0.333333),
(20, 5, 17, 0),
(21, 5, 18, 0.512195),
(22, 5, 19, 0.5),
(23, 5, 20, 0),
(24, 5, 21, 0.2),
(25, 20, 16, 0.333333),
(26, 20, 17, 0),
(27, 20, 18, 0.390244),
(28, 20, 19, 0.4),
(29, 20, 20, 0),
(30, 20, 21, 0.133333);

-- --------------------------------------------------------

--
-- Struktur dari tabel `detail_kriteria`
--

CREATE TABLE `detail_kriteria` (
  `id_detail_kriteria` int(11) NOT NULL,
  `id_kriteria` int(11) NOT NULL,
  `keterangan` varchar(128) NOT NULL,
  `nilai` int(11) NOT NULL
) ENGINE=InnoDB DEFAULT CHARSET=utf8mb4;

--
-- Dumping data untuk tabel `detail_kriteria`
--

INSERT INTO `detail_kriteria` (`id_detail_kriteria`, `id_kriteria`, `keterangan`, `nilai`) VALUES
(1, 16, '0-1', 1),
(2, 16, '2', 2),
(3, 16, '3', 3),
(4, 16, '4', 4),
(5, 17, '0-1', 1),
(6, 17, '2', 2),
(7, 17, '3', 3),
(8, 17, '4', 4),
(9, 18, '>2.000.000', 1),
(10, 18, '1.500.000 - 2.000.000', 2),
(11, 18, '1.000.000 - 1.500.000', 3),
(12, 18, '500.000 - 1.000.000', 4),
(13, 18, '0 - 500.000', 5),
(14, 19, '>2.000.000', 5),
(15, 19, '1.500.000 - 2.000.000', 4),
(16, 19, '1.000.000 - 1.500.000', 3),
(17, 19, '500.000 - 1.000.000', 2),
(18, 19, '0 - 500.000', 1),
(19, 20, '>1.000', 5),
(20, 20, '500 - 1.000', 4),
(21, 20, '200 - 500', 3),
(22, 20, '50 - 200', 2),
(23, 20, '0 - 50', 1),
(24, 21, '>80', 5),
(25, 21, '61 - 80', 4),
(26, 21, '41 - 60', 3),
(27, 21, '21 - 40', 2),
(28, 21, '0 - 20', 1);

-- --------------------------------------------------------

--
-- Struktur dari tabel `jarak_matrix`
--

CREATE TABLE `jarak_matrix` (
  `id_jarak_matrik` int(11) NOT NULL,
  `id_peserta` int(11) NOT NULL,
  `id_peserta_data_tes` int(11) NOT NULL,
  `nilai_jarak` float NOT NULL
) ENGINE=InnoDB DEFAULT CHARSET=utf8mb4;

--
-- Dumping data untuk tabel `jarak_matrix`
--

INSERT INTO `jarak_matrix` (`id_jarak_matrik`, `id_peserta`, `id_peserta_data_tes`, `nilai_jarak`) VALUES
(1, 1, 29, 0.260175),
(2, 1, 18, 0.356045),
(3, 1, 4, 0.203335),
(4, 1, 5, 0.237315),
(5, 1, 20, 0.365561),
(6, 2, 29, 0.302177),
(7, 2, 18, 0.247302),
(8, 2, 4, 0.351648),
(9, 2, 5, 0.313971),
(10, 2, 20, 0.273527),
(11, 3, 29, 0.788609),
(12, 3, 18, 0.481584),
(13, 3, 4, 0.777288),
(14, 3, 5, 0.631417),
(15, 3, 20, 0.482624),
(26, 6, 29, 0.663458),
(27, 6, 18, 0.856816),
(28, 6, 4, 0.591444),
(29, 6, 5, 0.699332),
(30, 6, 20, 0.856104),
(31, 7, 29, 0.766291),
(32, 7, 18, 0.433717),
(33, 7, 4, 0.731744),
(34, 7, 5, 0.573686),
(35, 7, 20, 0.43446),
(36, 8, 29, 0.182532),
(37, 8, 18, 0.179609),
(38, 8, 4, 0.164232),
(39, 8, 5, 0.126276),
(40, 8, 20, 0.182379),
(41, 9, 29, 0.18238),
(42, 9, 18, 0.182828),
(43, 9, 4, 0.152479),
(44, 9, 5, 0.119262),
(45, 9, 20, 0.182531),
(46, 10, 29, 0.252716),
(47, 10, 18, 0.22572),
(48, 10, 4, 0.14432),
(49, 10, 5, 0.0946415),
(50, 10, 20, 0.219363),
(51, 11, 29, 0.48714),
(52, 11, 18, 0.268418),
(53, 11, 4, 0.506583),
(54, 11, 5, 0.402631),
(55, 11, 20, 0.272327),
(56, 12, 29, 0.445396),
(57, 12, 18, 0.239116),
(58, 12, 4, 0.34397),
(59, 12, 5, 0.210148),
(60, 12, 20, 0.229398),
(61, 13, 29, 0.488564),
(62, 13, 18, 0.265818),
(63, 13, 4, 0.506309),
(64, 13, 5, 0.402286),
(65, 13, 20, 0.267698),
(66, 14, 29, 0.427902),
(67, 14, 18, 0.125648),
(68, 14, 4, 0.362451),
(69, 14, 5, 0.192919),
(70, 14, 20, 0.129577),
(71, 15, 29, 0.189863),
(72, 15, 18, 0.35553),
(73, 15, 4, 0.14272),
(74, 15, 5, 0.234705),
(75, 15, 20, 0.378201),
(76, 16, 29, 0.444409),
(77, 16, 18, 0.129823),
(78, 16, 4, 0.371175),
(79, 16, 5, 0.208849),
(80, 16, 20, 0.111908),
(81, 17, 29, 0.386198),
(82, 17, 18, 0.149434),
(83, 17, 4, 0.37253),
(84, 17, 5, 0.24355),
(85, 17, 20, 0.166667),
(91, 19, 29, 0.203001),
(92, 19, 18, 0.212341),
(93, 19, 4, 0.221051),
(94, 19, 5, 0.183949),
(95, 19, 20, 0.23767),
(101, 21, 29, 0.486785),
(102, 21, 18, 0.567857),
(103, 21, 4, 0.387596),
(104, 21, 5, 0.430477),
(105, 21, 20, 0.583765),
(106, 22, 29, 0.550341),
(107, 22, 18, 0.246144),
(108, 22, 4, 0.486267),
(109, 22, 5, 0.328041),
(110, 22, 20, 0.259197),
(111, 23, 29, 0.123474),
(112, 23, 18, 0.299459),
(113, 23, 4, 0.03),
(114, 23, 5, 0.166186),
(115, 23, 20, 0.301128),
(116, 24, 29, 0.13359),
(117, 24, 18, 0.308427),
(118, 24, 4, 0.064554),
(119, 24, 5, 0.181342),
(120, 24, 20, 0.321716),
(121, 25, 29, 0.227779),
(122, 25, 18, 0.270055),
(123, 25, 4, 0.121843),
(124, 25, 5, 0.121951),
(125, 25, 20, 0.271906),
(126, 26, 29, 0.386559),
(127, 26, 18, 0.465272),
(128, 26, 4, 0.275134),
(129, 26, 5, 0.314208),
(130, 26, 20, 0.466348),
(131, 27, 29, 0.392195),
(132, 27, 18, 0.38127),
(133, 27, 4, 0.303459),
(134, 27, 5, 0.278249),
(135, 27, 20, 0.412088),
(136, 28, 29, 0.231264),
(137, 28, 18, 0.314955),
(138, 28, 4, 0.149819),
(139, 28, 5, 0.162702),
(140, 28, 20, 0.326904),
(146, 30, 29, 0.578757),
(147, 30, 18, 0.276573),
(148, 30, 4, 0.555186),
(149, 30, 5, 0.405381),
(150, 30, 20, 0.284304),
(151, 31, 29, 0.72972),
(152, 31, 18, 0.418638),
(153, 31, 4, 0.675558),
(154, 31, 5, 0.512932),
(155, 31, 20, 0.423785),
(156, 32, 29, 0.42497),
(157, 32, 18, 0.14704),
(158, 32, 4, 0.365884),
(159, 32, 5, 0.199293),
(160, 32, 20, 0.161111),
(161, 33, 29, 0.373374),
(162, 33, 18, 0.220749),
(163, 33, 4, 0.28754),
(164, 33, 5, 0.168137),
(165, 33, 20, 0.253482),
(166, 34, 29, 0.462031),
(167, 34, 18, 0.155871),
(168, 34, 4, 0.41442),
(169, 34, 5, 0.259982),
(170, 34, 20, 0.164812),
(171, 35, 29, 0.370096),
(172, 35, 18, 0.0839149),
(173, 35, 4, 0.340491),
(174, 35, 5, 0.201177),
(175, 35, 20, 0.0896911),
(176, 36, 29, 0.277047),
(177, 36, 18, 0.18703),
(178, 36, 4, 0.244372),
(179, 36, 5, 0.141421),
(180, 36, 20, 0.206519),
(181, 37, 29, 0.547905),
(182, 37, 18, 0.298698),
(183, 37, 4, 0.52865),
(184, 37, 5, 0.399146),
(185, 37, 20, 0.305871),
(186, 38, 29, 0.46968),
(187, 38, 18, 0.241428),
(188, 38, 4, 0.440308),
(189, 38, 5, 0.299529),
(190, 38, 20, 0.26323),
(191, 39, 29, 0.324893),
(192, 39, 18, 0.0689533),
(193, 39, 4, 0.27298),
(194, 39, 5, 0.130208),
(195, 39, 20, 0.0555933),
(196, 40, 29, 0.35946),
(197, 40, 18, 0.337948),
(198, 40, 4, 0.231263),
(199, 40, 5, 0.197022),
(200, 40, 20, 0.335477),
(201, 41, 29, 0.376053),
(202, 41, 18, 0.183598),
(203, 41, 4, 0.365666),
(204, 41, 5, 0.24135),
(205, 41, 20, 0.208806),
(206, 42, 29, 0.580913),
(207, 42, 18, 0.265818),
(208, 42, 4, 0.55293),
(209, 42, 5, 0.402286),
(210, 42, 20, 0.267698),
(211, 43, 29, 0.629566),
(212, 43, 18, 0.306366),
(213, 43, 4, 0.603842),
(214, 43, 5, 0.450423),
(215, 43, 20, 0.307998),
(216, 44, 29, 0.440694),
(217, 44, 18, 0.125648),
(218, 44, 4, 0.368531),
(219, 44, 5, 0.204113),
(220, 44, 20, 0.111111),
(221, 45, 29, 0.490083),
(222, 45, 18, 0.336941),
(223, 45, 4, 0.426725),
(224, 45, 5, 0.304949),
(225, 45, 20, 0.356026),
(226, 46, 29, 0.360016),
(227, 46, 18, 0.26762),
(228, 46, 4, 0.394461),
(229, 46, 5, 0.317535),
(230, 46, 20, 0.291283),
(231, 47, 29, 0.394735),
(232, 47, 18, 0.20027),
(233, 47, 4, 0.390015),
(234, 47, 5, 0.269536),
(235, 47, 20, 0.223607),
(236, 48, 29, 0.40715),
(237, 48, 18, 0.120451),
(238, 48, 4, 0.375145),
(239, 48, 5, 0.247532),
(240, 48, 20, 0.100885),
(241, 49, 29, 0.458051),
(242, 49, 18, 0.139239),
(243, 49, 4, 0.396756),
(244, 49, 5, 0.239295),
(245, 49, 20, 0.126276),
(246, 50, 29, 0.330798),
(247, 50, 18, 0.156847),
(248, 50, 4, 0.272745),
(249, 50, 5, 0.186204),
(250, 50, 20, 0.182543),
(251, 51, 29, 0.273007),
(252, 51, 18, 0.164932),
(253, 51, 4, 0.232728),
(254, 51, 5, 0.120185),
(255, 51, 20, 0.180693),
(256, 52, 29, 0.845397),
(257, 52, 18, 0.512811),
(258, 52, 4, 0.79974),
(259, 52, 5, 0.637621),
(260, 52, 20, 0.511186),
(261, 53, 29, 0.842079),
(262, 53, 18, 0.529819),
(263, 53, 4, 0.804975),
(264, 53, 5, 0.644174),
(265, 53, 20, 0.537008),
(266, 54, 29, 0.407791),
(267, 54, 18, 0.111243),
(268, 54, 4, 0.381125),
(269, 54, 5, 0.256504),
(270, 54, 20, 0.14154),
(271, 55, 29, 0.254033),
(272, 55, 18, 0.177896),
(273, 55, 4, 0.175581),
(274, 55, 5, 0.033333),
(275, 55, 20, 0.186741),
(276, 56, 29, 0.57586),
(277, 56, 18, 0.371965),
(278, 56, 4, 0.465298),
(279, 56, 5, 0.335724),
(280, 56, 20, 0.369722),
(281, 57, 29, 0.530758),
(282, 57, 18, 0.236126),
(283, 57, 4, 0.520257),
(284, 57, 5, 0.38918),
(285, 57, 20, 0.23655),
(286, 58, 29, 0.845452),
(287, 58, 18, 0.511992),
(288, 58, 4, 0.799798),
(289, 58, 5, 0.637694),
(290, 58, 20, 0.511277),
(291, 59, 29, 0.396196),
(292, 59, 18, 0.111243),
(293, 59, 4, 0.368692),
(294, 59, 5, 0.237638),
(295, 59, 20, 0.103495),
(296, 60, 29, 0.366174),
(297, 60, 18, 0.198979),
(298, 60, 4, 0.261447),
(299, 60, 5, 0.118092),
(300, 60, 20, 0.194753),
(301, 61, 29, 0.550482),
(302, 61, 18, 0.243361),
(303, 61, 4, 0.477434),
(304, 61, 5, 0.317961),
(305, 61, 20, 0.236183),
(306, 62, 29, 0.270174),
(307, 62, 18, 0.320827),
(308, 62, 4, 0.138889),
(309, 62, 5, 0.171221),
(310, 62, 20, 0.315417),
(311, 63, 29, 0.268374),
(312, 63, 18, 0.458578),
(313, 63, 4, 0.204153),
(314, 63, 5, 0.322866),
(315, 63, 20, 0.473093),
(316, 64, 29, 0.315417),
(317, 64, 18, 0.262027),
(318, 64, 4, 0.369911),
(319, 64, 5, 0.326734),
(320, 64, 20, 0.270174),
(321, 65, 29, 0.436577),
(322, 65, 18, 0.219744),
(323, 65, 4, 0.392264),
(324, 65, 5, 0.244372),
(325, 65, 20, 0.243496),
(326, 66, 29, 0.398587),
(327, 66, 18, 0.21434),
(328, 66, 4, 0.396023),
(329, 66, 5, 0.278158),
(330, 66, 20, 0.238631),
(331, 67, 29, 0.741209),
(332, 67, 18, 0.412906),
(333, 67, 4, 0.678439),
(334, 67, 5, 0.51672),
(335, 67, 20, 0.407628),
(336, 68, 29, 0.506482),
(337, 68, 18, 0.211404),
(338, 68, 4, 0.429878),
(339, 68, 5, 0.301068),
(340, 68, 20, 0.208681),
(341, 69, 29, 0.485998),
(342, 69, 18, 0.276573),
(343, 69, 4, 0.508771),
(344, 69, 5, 0.405381),
(345, 69, 20, 0.284304),
(346, 70, 29, 0.199565),
(347, 70, 18, 0.192919),
(348, 70, 4, 0.210112),
(349, 70, 5, 0.170648),
(350, 70, 20, 0.217546),
(351, 71, 29, 0.472174),
(352, 71, 18, 0.264925),
(353, 71, 4, 0.386256),
(354, 71, 5, 0.24514),
(355, 71, 20, 0.270122),
(356, 72, 29, 0.47424),
(357, 72, 18, 0.260185),
(358, 72, 4, 0.385335),
(359, 72, 5, 0.243685),
(360, 72, 20, 0.262105),
(361, 73, 29, 1.00558),
(362, 73, 18, 1.23598),
(363, 73, 4, 1.06346),
(364, 73, 5, 1.1644),
(365, 73, 20, 1.27699),
(366, 74, 29, 0.82875),
(367, 74, 18, 0.904699),
(368, 74, 4, 0.907669),
(369, 74, 5, 0.901403),
(370, 74, 20, 0.934247),
(371, 75, 29, 0.899536),
(372, 75, 18, 0.848832),
(373, 75, 4, 0.920563),
(374, 75, 5, 0.85347),
(375, 75, 20, 0.883051),
(376, 76, 29, 0.658319),
(377, 76, 18, 0.589568),
(378, 76, 4, 0.654463),
(379, 76, 5, 0.593309),
(380, 76, 20, 0.641605),
(381, 77, 29, 0.730874),
(382, 77, 18, 0.851252),
(383, 77, 4, 0.846732),
(384, 77, 5, 0.873382),
(385, 77, 20, 0.86991),
(386, 78, 29, 0.582476),
(387, 78, 18, 0.537709),
(388, 78, 4, 0.593499),
(389, 78, 5, 0.548294),
(390, 78, 20, 0.592772),
(391, 79, 29, 0.614866),
(392, 79, 18, 0.526517),
(393, 79, 4, 0.676565),
(394, 79, 5, 0.60749),
(395, 79, 20, 0.548129),
(396, 80, 29, 0.630887),
(397, 80, 18, 0.367282),
(398, 80, 4, 0.597158),
(399, 80, 5, 0.449369),
(400, 80, 20, 0.396674),
(401, 81, 29, 0.7373),
(402, 81, 18, 0.474032),
(403, 81, 4, 0.736127),
(404, 81, 5, 0.596043),
(405, 81, 20, 0.48892),
(406, 82, 29, 0.821906),
(407, 82, 18, 0.919971),
(408, 82, 4, 0.920131),
(409, 82, 5, 0.955172),
(410, 82, 20, 0.960357),
(411, 83, 29, 0.985988),
(412, 83, 18, 0.74282),
(413, 83, 4, 0.987802),
(414, 83, 5, 0.849545),
(415, 83, 20, 0.761217),
(416, 84, 29, 0.689166),
(417, 84, 18, 0.411093),
(418, 84, 4, 0.694919),
(419, 84, 5, 0.563927),
(420, 84, 20, 0.422866),
(421, 85, 29, 0.619709),
(422, 85, 18, 0.684571),
(423, 85, 4, 0.667103),
(424, 85, 5, 0.651192),
(425, 85, 20, 0.715447),
(426, 86, 29, 1.03475),
(427, 86, 18, 0.882765),
(428, 86, 4, 1.06002),
(429, 86, 5, 0.954049),
(430, 86, 20, 0.908876),
(431, 87, 29, 1.12873),
(432, 87, 18, 1.12865),
(433, 87, 4, 1.13548),
(434, 87, 5, 1.13287),
(435, 87, 20, 1.18587),
(436, 88, 29, 0.469468),
(437, 88, 18, 0.427446),
(438, 88, 4, 0.485829),
(439, 88, 5, 0.417691),
(440, 88, 20, 0.457702),
(441, 89, 29, 0.227731),
(442, 89, 18, 0.232892),
(443, 89, 4, 0.252023),
(444, 89, 5, 0.206254),
(445, 89, 20, 0.254116),
(446, 90, 29, 0.818986),
(447, 90, 18, 0.482925),
(448, 90, 4, 0.777379),
(449, 90, 5, 0.626906),
(450, 90, 20, 0.472709),
(451, 91, 29, 0.746307),
(452, 91, 18, 0.685032),
(453, 91, 4, 0.760644),
(454, 91, 5, 0.686623),
(455, 91, 20, 0.715887),
(456, 92, 29, 0.665039),
(457, 92, 18, 0.677331),
(458, 92, 4, 0.691789),
(459, 92, 5, 0.655691),
(460, 92, 20, 0.717474),
(461, 93, 29, 0.312919),
(462, 93, 18, 0.583371),
(463, 93, 4, 0.365053),
(464, 93, 5, 0.465262),
(465, 93, 20, 0.602764),
(466, 94, 29, 0.673467),
(467, 94, 18, 0.487711),
(468, 94, 4, 0.709844),
(469, 94, 5, 0.605512),
(470, 94, 20, 0.503961),
(471, 95, 29, 0.66701),
(472, 95, 18, 0.487183),
(473, 95, 4, 0.690071),
(474, 95, 5, 0.578054),
(475, 95, 20, 0.510463),
(476, 96, 29, 0.836751),
(477, 96, 18, 0.590032),
(478, 96, 4, 0.828894),
(479, 96, 5, 0.687593),
(480, 96, 20, 0.609396),
(481, 97, 29, 0.46119),
(482, 97, 18, 0.200461),
(483, 97, 4, 0.45533),
(484, 97, 5, 0.324063),
(485, 97, 20, 0.213616),
(486, 98, 29, 0.687026),
(487, 98, 18, 0.417507),
(488, 98, 4, 0.693998),
(489, 98, 5, 0.562792),
(490, 98, 20, 0.42398),
(491, 99, 29, 0.769035),
(492, 99, 18, 0.545423),
(493, 99, 4, 0.758283),
(494, 99, 5, 0.622522),
(495, 99, 20, 0.567882),
(496, 100, 29, 0.564971),
(497, 100, 18, 0.424243),
(498, 100, 4, 0.559878),
(499, 100, 5, 0.450956),
(500, 100, 20, 0.452753),
(501, 101, 29, 0.488495),
(502, 101, 18, 0.422972),
(503, 101, 4, 0.472121),
(504, 101, 5, 0.390564),
(505, 101, 20, 0.451562),
(506, 102, 29, 0.62186),
(507, 102, 18, 0.488333),
(508, 102, 4, 0.661083),
(509, 102, 5, 0.580144),
(510, 102, 20, 0.532919),
(511, 103, 29, 0.751148),
(512, 103, 18, 0.693274),
(513, 103, 4, 0.826999),
(514, 103, 5, 0.77206),
(515, 103, 20, 0.714196),
(516, 104, 29, 0.961427),
(517, 104, 18, 0.697483),
(518, 104, 4, 0.959472),
(519, 104, 5, 0.818252),
(520, 104, 20, 0.721427),
(521, 105, 29, 0.901255),
(522, 105, 18, 0.842966),
(523, 105, 4, 0.952496),
(524, 105, 5, 0.890989),
(525, 105, 20, 0.88238),
(526, 106, 29, 0.865314),
(527, 106, 18, 0.639245),
(528, 106, 4, 0.862563),
(529, 106, 5, 0.729868),
(530, 106, 20, 0.667363),
(531, 107, 29, 0.648931),
(532, 107, 18, 0.627289),
(533, 107, 4, 0.729257),
(534, 107, 5, 0.687595),
(535, 107, 20, 0.649825),
(536, 108, 29, 0.588951),
(537, 108, 18, 0.482374),
(538, 108, 4, 0.61359),
(539, 108, 5, 0.523626),
(540, 108, 20, 0.511337),
(541, 109, 29, 0.599042),
(542, 109, 18, 0.477385),
(543, 109, 4, 0.59899),
(544, 109, 5, 0.498089),
(545, 109, 20, 0.506633),
(546, 110, 29, 0.669167),
(547, 110, 18, 0.40879),
(548, 110, 4, 0.66412),
(549, 110, 5, 0.527529),
(550, 110, 20, 0.439594),
(551, 111, 29, 0.821101),
(552, 111, 18, 0.87596),
(553, 111, 4, 0.832152),
(554, 111, 5, 0.81355),
(555, 111, 20, 0.906445),
(556, 112, 29, 1.02749),
(557, 112, 18, 0.914512),
(558, 112, 4, 1.04083),
(559, 112, 5, 0.946811),
(560, 112, 20, 0.943753),
(561, 113, 29, 0.670913),
(562, 113, 18, 0.402443),
(563, 113, 4, 0.642939),
(564, 113, 5, 0.492344),
(565, 113, 20, 0.419612),
(566, 114, 29, 0.502587),
(567, 114, 18, 0.402443),
(568, 114, 4, 0.560897),
(569, 114, 5, 0.492345),
(570, 114, 20, 0.419612),
(571, 115, 29, 0.61623),
(572, 115, 18, 0.448341),
(573, 115, 4, 0.637731),
(574, 115, 5, 0.53061),
(575, 115, 20, 0.480374),
(576, 116, 29, 0.768097),
(577, 116, 18, 0.535503),
(578, 116, 4, 0.756011),
(579, 116, 5, 0.617347),
(580, 116, 20, 0.557165),
(581, 117, 29, 0.653343),
(582, 117, 18, 0.411119),
(583, 117, 4, 0.671698),
(584, 117, 5, 0.560838),
(585, 117, 20, 0.409634),
(586, 118, 29, 0.739448),
(587, 118, 18, 0.437047),
(588, 118, 4, 0.712996),
(589, 118, 5, 0.556758),
(590, 118, 20, 0.447228),
(591, 119, 29, 0.593845),
(592, 119, 18, 0.38702),
(593, 119, 4, 0.623142),
(594, 119, 5, 0.516115),
(595, 119, 20, 0.398482),
(596, 120, 29, 0.443726),
(597, 120, 18, 0.308918),
(598, 120, 4, 0.478762),
(599, 120, 5, 0.389354),
(600, 120, 20, 0.330975),
(601, 121, 29, 0.694229),
(602, 121, 18, 0.371654),
(603, 121, 4, 0.658957),
(604, 121, 5, 0.518151),
(605, 121, 20, 0.354677);

-- --------------------------------------------------------

--
-- Struktur dari tabel `jawaban`
--

CREATE TABLE `jawaban` (
  `id_jawaban` int(11) NOT NULL,
  `id_peserta` int(11) NOT NULL,
  `id_kriteria` int(11) NOT NULL,
  `jawaban_peserta` int(11) NOT NULL
) ENGINE=InnoDB DEFAULT CHARSET=utf8mb4;

--
-- Dumping data untuk tabel `jawaban`
--

INSERT INTO `jawaban` (`id_jawaban`, `id_peserta`, `id_kriteria`, `jawaban_peserta`) VALUES
(1, 1, 16, 4),
(2, 1, 17, 1),
(3, 1, 18, 1),
(4, 1, 19, 5),
(5, 1, 20, 4),
(6, 1, 21, 4),
(7, 2, 16, 5),
(8, 2, 17, 1),
(9, 2, 18, 1),
(10, 2, 19, 5),
(11, 2, 20, 5),
(12, 2, 21, 4),
(13, 3, 16, 2),
(14, 3, 17, 1),
(15, 3, 18, 3),
(16, 3, 19, 3),
(17, 3, 20, 1),
(18, 3, 21, 3),
(19, 4, 16, 4),
(20, 4, 17, 1),
(21, 4, 18, 1),
(22, 4, 19, 5),
(23, 4, 20, 1),
(24, 4, 21, 3),
(25, 5, 16, 3),
(26, 5, 17, 1),
(27, 5, 18, 1),
(28, 5, 19, 5),
(29, 5, 20, 1),
(30, 5, 21, 3),
(31, 6, 16, 3),
(32, 6, 17, 1),
(33, 6, 18, 1),
(34, 6, 19, 5),
(35, 6, 20, 1),
(36, 6, 21, 3),
(37, 7, 16, 1),
(38, 7, 17, 1),
(39, 7, 18, 3),
(40, 7, 19, 4),
(41, 7, 20, 4),
(42, 7, 21, 3),
(43, 8, 16, 4),
(44, 8, 17, 1),
(45, 8, 18, 1),
(46, 8, 19, 5),
(47, 8, 20, 1),
(48, 8, 21, 3),
(49, 9, 16, 4),
(50, 9, 17, 1),
(51, 9, 18, 1),
(52, 9, 19, 5),
(53, 9, 20, 1),
(54, 9, 21, 3),
(55, 10, 16, 3),
(56, 10, 17, 1),
(57, 10, 18, 1),
(58, 10, 19, 5),
(59, 10, 20, 2),
(60, 10, 21, 3),
(61, 11, 16, 4),
(62, 11, 17, 1),
(63, 11, 18, 2),
(64, 11, 19, 4),
(65, 11, 20, 1),
(66, 11, 21, 4),
(67, 12, 16, 2),
(68, 12, 17, 1),
(69, 12, 18, 1),
(70, 12, 19, 5),
(71, 12, 20, 1),
(72, 12, 21, 2),
(73, 13, 16, 4),
(74, 13, 17, 1),
(75, 13, 18, 2),
(76, 13, 19, 4),
(77, 13, 20, 1),
(78, 13, 21, 3),
(79, 14, 16, 2),
(80, 14, 17, 1),
(81, 14, 18, 1),
(82, 14, 19, 5),
(83, 14, 20, 1),
(84, 14, 21, 3),
(85, 15, 16, 4),
(86, 15, 17, 1),
(87, 15, 18, 1),
(88, 15, 19, 5),
(89, 15, 20, 5),
(90, 15, 21, 4),
(91, 16, 16, 2),
(92, 16, 17, 1),
(93, 16, 18, 1),
(94, 16, 19, 5),
(95, 16, 20, 1),
(96, 16, 21, 2),
(97, 17, 16, 3),
(98, 17, 17, 1),
(99, 17, 18, 1),
(100, 17, 19, 5),
(101, 17, 20, 1),
(102, 17, 21, 4),
(103, 18, 16, 3),
(104, 18, 17, 1),
(105, 18, 18, 1),
(106, 18, 19, 5),
(107, 18, 20, 5),
(108, 18, 21, 3),
(109, 19, 16, 4),
(110, 19, 17, 1),
(111, 19, 18, 1),
(112, 19, 19, 5),
(113, 19, 20, 5),
(114, 19, 21, 5),
(115, 20, 16, 3),
(116, 20, 17, 1),
(117, 20, 18, 1),
(118, 20, 19, 5),
(119, 20, 20, 1),
(120, 20, 21, 2),
(121, 21, 16, 2),
(122, 21, 17, 1),
(123, 21, 18, 1),
(124, 21, 19, 5),
(125, 21, 20, 5),
(126, 21, 21, 4),
(127, 22, 16, 1),
(128, 22, 17, 1),
(129, 22, 18, 1),
(130, 22, 19, 5),
(131, 22, 20, 5),
(132, 22, 21, 3),
(133, 23, 16, 4),
(134, 23, 17, 1),
(135, 23, 18, 1),
(136, 23, 19, 5),
(137, 23, 20, 1),
(138, 23, 21, 3),
(139, 24, 16, 4),
(140, 24, 17, 1),
(141, 24, 18, 1),
(142, 24, 19, 5),
(143, 24, 20, 5),
(144, 24, 21, 4),
(145, 25, 16, 3),
(146, 25, 17, 1),
(147, 25, 18, 1),
(148, 25, 19, 5),
(149, 25, 20, 1),
(150, 25, 21, 3),
(151, 26, 16, 2),
(152, 26, 17, 1),
(153, 26, 18, 1),
(154, 26, 19, 5),
(155, 26, 20, 1),
(156, 26, 21, 3),
(157, 27, 16, 2),
(158, 27, 17, 1),
(159, 27, 18, 1),
(160, 27, 19, 5),
(161, 27, 20, 5),
(162, 27, 21, 5),
(163, 28, 16, 3),
(164, 28, 17, 1),
(165, 28, 18, 1),
(166, 28, 19, 5),
(167, 28, 20, 1),
(168, 28, 21, 5),
(169, 29, 16, 5),
(170, 29, 17, 1),
(171, 29, 18, 1),
(172, 29, 19, 5),
(173, 29, 20, 1),
(174, 29, 21, 4),
(175, 30, 16, 2),
(176, 30, 17, 1),
(177, 30, 18, 2),
(178, 30, 19, 4),
(179, 30, 20, 1),
(180, 30, 21, 4),
(181, 31, 16, 1),
(182, 31, 17, 1),
(183, 31, 18, 2),
(184, 31, 19, 4),
(185, 31, 20, 1),
(186, 31, 21, 4),
(187, 32, 16, 2),
(188, 32, 17, 1),
(189, 32, 18, 1),
(190, 32, 19, 5),
(191, 32, 20, 1),
(192, 32, 21, 4),
(193, 33, 16, 2),
(194, 33, 17, 1),
(195, 33, 18, 1),
(196, 33, 19, 5),
(197, 33, 20, 5),
(198, 33, 21, 4),
(199, 34, 16, 2),
(200, 34, 17, 1),
(201, 34, 18, 1),
(202, 34, 19, 5),
(203, 34, 20, 4),
(204, 34, 21, 3),
(205, 35, 16, 3),
(206, 35, 17, 1),
(207, 35, 18, 1),
(208, 35, 19, 5),
(209, 35, 20, 1),
(210, 35, 21, 3),
(211, 36, 16, 3),
(212, 36, 17, 1),
(213, 36, 18, 1),
(214, 36, 19, 5),
(215, 36, 20, 1),
(216, 36, 21, 5),
(217, 37, 16, 2),
(218, 37, 17, 1),
(219, 37, 18, 1),
(220, 37, 19, 4),
(221, 37, 20, 1),
(222, 37, 21, 4),
(223, 38, 16, 2),
(224, 38, 17, 1),
(225, 38, 18, 1),
(226, 38, 19, 5),
(227, 38, 20, 1),
(228, 38, 21, 5),
(229, 39, 16, 3),
(230, 39, 17, 1),
(231, 39, 18, 1),
(232, 39, 19, 5),
(233, 39, 20, 1),
(234, 39, 21, 3),
(235, 40, 16, 2),
(236, 40, 17, 1),
(237, 40, 18, 1),
(238, 40, 19, 5),
(239, 40, 20, 1),
(240, 40, 21, 3),
(241, 41, 16, 3),
(242, 41, 17, 1),
(243, 41, 18, 1),
(244, 41, 19, 5),
(245, 41, 20, 1),
(246, 41, 21, 5),
(247, 42, 16, 2),
(248, 42, 17, 1),
(249, 42, 18, 2),
(250, 42, 19, 4),
(251, 42, 20, 1),
(252, 42, 21, 3),
(253, 43, 16, 2),
(254, 43, 17, 1),
(255, 43, 18, 2),
(256, 43, 19, 4),
(257, 43, 20, 1),
(258, 43, 21, 3),
(259, 44, 16, 2),
(260, 44, 17, 1),
(261, 44, 18, 1),
(262, 44, 19, 5),
(263, 44, 20, 1),
(264, 44, 21, 2),
(265, 45, 16, 1),
(266, 45, 17, 1),
(267, 45, 18, 1),
(268, 45, 19, 5),
(269, 45, 20, 1),
(270, 45, 21, 5),
(271, 46, 16, 4),
(272, 46, 17, 1),
(273, 46, 18, 1),
(274, 46, 19, 5),
(275, 46, 20, 1),
(276, 46, 21, 5),
(277, 47, 16, 3),
(278, 47, 17, 1),
(279, 47, 18, 1),
(280, 47, 19, 5),
(281, 47, 20, 1),
(282, 47, 21, 5),
(283, 48, 16, 3),
(284, 48, 17, 1),
(285, 48, 18, 1),
(286, 48, 19, 5),
(287, 48, 20, 1),
(288, 48, 21, 2),
(289, 49, 16, 2),
(290, 49, 17, 1),
(291, 49, 18, 1),
(292, 49, 19, 5),
(293, 49, 20, 1),
(294, 49, 21, 2),
(295, 50, 16, 3),
(296, 50, 17, 1),
(297, 50, 18, 1),
(298, 50, 19, 5),
(299, 50, 20, 5),
(300, 50, 21, 2),
(301, 51, 16, 3),
(302, 51, 17, 1),
(303, 51, 18, 1),
(304, 51, 19, 5),
(305, 51, 20, 1),
(306, 51, 21, 4),
(307, 52, 16, 1),
(308, 52, 17, 1),
(309, 52, 18, 3),
(310, 52, 19, 3),
(311, 52, 20, 1),
(312, 52, 21, 3),
(313, 53, 16, 1),
(314, 53, 17, 1),
(315, 53, 18, 3),
(316, 53, 19, 3),
(317, 53, 20, 1),
(318, 53, 21, 5),
(319, 54, 16, 3),
(320, 54, 17, 1),
(321, 54, 18, 1),
(322, 54, 19, 5),
(323, 54, 20, 5),
(324, 54, 21, 3),
(325, 55, 16, 3),
(326, 55, 17, 1),
(327, 55, 18, 1),
(328, 55, 19, 5),
(329, 55, 20, 1),
(330, 55, 21, 4),
(331, 56, 16, 1),
(332, 56, 17, 1),
(333, 56, 18, 1),
(334, 56, 19, 5),
(335, 56, 20, 1),
(336, 56, 21, 3),
(337, 57, 16, 3),
(338, 57, 17, 1),
(339, 57, 18, 2),
(340, 57, 19, 4),
(341, 57, 20, 4),
(342, 57, 21, 3),
(343, 58, 16, 1),
(344, 58, 17, 1),
(345, 58, 18, 3),
(346, 58, 19, 3),
(347, 58, 20, 3),
(348, 58, 21, 3),
(349, 59, 16, 3),
(350, 59, 17, 1),
(351, 59, 18, 1),
(352, 59, 19, 5),
(353, 59, 20, 1),
(354, 59, 21, 3),
(355, 60, 16, 2),
(356, 60, 17, 1),
(357, 60, 18, 1),
(358, 60, 19, 5),
(359, 60, 20, 1),
(360, 60, 21, 3),
(361, 61, 16, 1),
(362, 61, 17, 1),
(363, 61, 18, 1),
(364, 61, 19, 5),
(365, 61, 20, 1),
(366, 61, 21, 2),
(367, 62, 16, 3),
(368, 62, 17, 1),
(369, 62, 18, 1),
(370, 62, 19, 5),
(371, 62, 20, 1),
(372, 62, 21, 2),
(373, 63, 16, 4),
(374, 63, 17, 1),
(375, 63, 18, 1),
(376, 63, 19, 5),
(377, 63, 20, 5),
(378, 63, 21, 4),
(379, 64, 16, 5),
(380, 64, 17, 1),
(381, 64, 18, 1),
(382, 64, 19, 5),
(383, 64, 20, 1),
(384, 64, 21, 4),
(385, 65, 16, 2),
(386, 65, 17, 1),
(387, 65, 18, 1),
(388, 65, 19, 5),
(389, 65, 20, 1),
(390, 65, 21, 5),
(391, 66, 16, 3),
(392, 66, 17, 1),
(393, 66, 18, 1),
(394, 66, 19, 5),
(395, 66, 20, 1),
(396, 66, 21, 5),
(397, 67, 16, 1),
(398, 67, 17, 1),
(399, 67, 18, 2),
(400, 67, 19, 4),
(401, 67, 20, 1),
(402, 67, 21, 2),
(403, 68, 16, 2),
(404, 68, 17, 1),
(405, 68, 18, 1),
(406, 68, 19, 5),
(407, 68, 20, 5),
(408, 68, 21, 1),
(409, 69, 16, 4),
(410, 69, 17, 1),
(411, 69, 18, 2),
(412, 69, 19, 4),
(413, 69, 20, 1),
(414, 69, 21, 4),
(415, 70, 16, 4),
(416, 70, 17, 1),
(417, 70, 18, 1),
(418, 70, 19, 5),
(419, 70, 20, 5),
(420, 70, 21, 4),
(421, 71, 16, 1),
(422, 71, 17, 1),
(423, 71, 18, 1),
(424, 71, 19, 5),
(425, 71, 20, 1),
(426, 71, 21, 4),
(427, 72, 16, 1),
(428, 72, 17, 1),
(429, 72, 18, 1),
(430, 72, 19, 5),
(431, 72, 20, 1),
(432, 72, 21, 3),
(433, 73, 16, 8),
(434, 73, 17, 1),
(435, 73, 18, 1),
(436, 73, 19, 5),
(437, 73, 20, 5),
(438, 73, 21, 5),
(439, 74, 16, 6),
(440, 74, 17, 1),
(441, 74, 18, 1),
(442, 74, 19, 5),
(443, 74, 20, 1),
(444, 74, 21, 5),
(445, 75, 16, 2),
(446, 75, 17, 1),
(447, 75, 18, 1),
(448, 75, 19, 5),
(449, 75, 20, 5),
(450, 75, 21, 5),
(451, 76, 16, 2),
(452, 76, 17, 1),
(453, 76, 18, 1),
(454, 76, 19, 5),
(455, 76, 20, 5),
(456, 76, 21, 5),
(457, 77, 16, 9),
(458, 77, 17, 1),
(459, 77, 18, 1),
(460, 77, 19, 5),
(461, 77, 20, 1),
(462, 77, 21, 5),
(463, 78, 16, 3),
(464, 78, 17, 1),
(465, 78, 18, 1),
(466, 78, 19, 5),
(467, 78, 20, 5),
(468, 78, 21, 5),
(469, 79, 16, 5),
(470, 79, 17, 1),
(471, 79, 18, 2),
(472, 79, 19, 4),
(473, 79, 20, 1),
(474, 79, 21, 5),
(475, 80, 16, 1),
(476, 80, 17, 1),
(477, 80, 18, 1),
(478, 80, 19, 5),
(479, 80, 20, 5),
(480, 80, 21, 5),
(481, 81, 16, 2),
(482, 81, 17, 1),
(483, 81, 18, 3),
(484, 81, 19, 3),
(485, 81, 20, 1),
(486, 81, 21, 5),
(487, 82, 16, 9),
(488, 82, 17, 1),
(489, 82, 18, 1),
(490, 82, 19, 5),
(491, 82, 20, 5),
(492, 82, 21, 5),
(493, 83, 16, 1),
(494, 83, 17, 1),
(495, 83, 18, 4),
(496, 83, 19, 2),
(497, 83, 20, 1),
(498, 83, 21, 5),
(499, 84, 16, 3),
(500, 84, 17, 1),
(501, 84, 18, 3),
(502, 84, 19, 3),
(503, 84, 20, 5),
(504, 84, 21, 4),
(505, 85, 16, 4),
(506, 85, 17, 1),
(507, 85, 18, 1),
(508, 85, 19, 5),
(509, 85, 20, 1),
(510, 85, 21, 5),
(511, 86, 16, 2),
(512, 86, 17, 1),
(513, 86, 18, 3),
(514, 86, 19, 3),
(515, 86, 20, 1),
(516, 86, 21, 5),
(517, 87, 16, 3),
(518, 87, 17, 1),
(519, 87, 18, 1),
(520, 87, 19, 5),
(521, 87, 20, 5),
(522, 87, 21, 5),
(523, 88, 16, 3),
(524, 88, 17, 1),
(525, 88, 18, 1),
(526, 88, 19, 5),
(527, 88, 20, 1),
(528, 88, 21, 5),
(529, 89, 16, 4),
(530, 89, 17, 1),
(531, 89, 18, 1),
(532, 89, 19, 5),
(533, 89, 20, 1),
(534, 89, 21, 5),
(535, 90, 16, 1),
(536, 90, 17, 1),
(537, 90, 18, 3),
(538, 90, 19, 3),
(539, 90, 20, 5),
(540, 90, 21, 1),
(541, 91, 16, 2),
(542, 91, 17, 1),
(543, 91, 18, 1),
(544, 91, 19, 5),
(545, 91, 20, 1),
(546, 91, 21, 5),
(547, 92, 16, 3),
(548, 92, 17, 1),
(549, 92, 18, 1),
(550, 92, 19, 5),
(551, 92, 20, 5),
(552, 92, 21, 5),
(553, 93, 16, 5),
(554, 93, 17, 1),
(555, 93, 18, 1),
(556, 93, 19, 5),
(557, 93, 20, 1),
(558, 93, 21, 5),
(559, 94, 16, 4),
(560, 94, 17, 1),
(561, 94, 18, 3),
(562, 94, 19, 3),
(563, 94, 20, 1),
(564, 94, 21, 5),
(565, 95, 16, 3),
(566, 95, 17, 1),
(567, 95, 18, 2),
(568, 95, 19, 4),
(569, 95, 20, 1),
(570, 95, 21, 5),
(571, 96, 16, 1),
(572, 96, 17, 1),
(573, 96, 18, 3),
(574, 96, 19, 3),
(575, 96, 20, 1),
(576, 96, 21, 5),
(577, 97, 16, 3),
(578, 97, 17, 1),
(579, 97, 18, 1),
(580, 97, 19, 5),
(581, 97, 20, 1),
(582, 97, 21, 4),
(583, 98, 16, 3),
(584, 98, 17, 1),
(585, 98, 18, 3),
(586, 98, 19, 3),
(587, 98, 20, 1),
(588, 98, 21, 4),
(589, 99, 16, 1),
(590, 99, 17, 1),
(591, 99, 18, 2),
(592, 99, 19, 4),
(593, 99, 20, 1),
(594, 99, 21, 5),
(595, 100, 16, 2),
(596, 100, 17, 1),
(597, 100, 18, 1),
(598, 100, 19, 5),
(599, 100, 20, 1),
(600, 100, 21, 5),
(601, 101, 16, 2),
(602, 101, 17, 1),
(603, 101, 18, 1),
(604, 101, 19, 5),
(605, 101, 20, 1),
(606, 101, 21, 5),
(607, 102, 16, 4),
(608, 102, 17, 1),
(609, 102, 18, 2),
(610, 102, 19, 4),
(611, 102, 20, 5),
(612, 102, 21, 5),
(613, 103, 16, 6),
(614, 103, 17, 1),
(615, 103, 18, 3),
(616, 103, 19, 3),
(617, 103, 20, 1),
(618, 103, 21, 5),
(619, 104, 16, 1),
(620, 104, 17, 1),
(621, 104, 18, 4),
(622, 104, 19, 2),
(623, 104, 20, 5),
(624, 104, 21, 5),
(625, 105, 16, 4),
(626, 105, 17, 1),
(627, 105, 18, 2),
(628, 105, 19, 4),
(629, 105, 20, 5),
(630, 105, 21, 5),
(631, 106, 16, 1),
(632, 106, 17, 1),
(633, 106, 18, 3),
(634, 106, 19, 3),
(635, 106, 20, 5),
(636, 106, 21, 5),
(637, 107, 16, 6),
(638, 107, 17, 1),
(639, 107, 18, 2),
(640, 107, 19, 4),
(641, 107, 20, 1),
(642, 107, 21, 5),
(643, 108, 16, 3),
(644, 108, 17, 1),
(645, 108, 18, 1),
(646, 108, 19, 5),
(647, 108, 20, 1),
(648, 108, 21, 5),
(649, 109, 16, 2),
(650, 109, 17, 1),
(651, 109, 18, 1),
(652, 109, 19, 5),
(653, 109, 20, 1),
(654, 109, 21, 5),
(655, 110, 16, 2),
(656, 110, 17, 1),
(657, 110, 18, 2),
(658, 110, 19, 4),
(659, 110, 20, 5),
(660, 110, 21, 5),
(661, 111, 16, 2),
(662, 111, 17, 1),
(663, 111, 18, 1),
(664, 111, 19, 5),
(665, 111, 20, 1),
(666, 111, 21, 5),
(667, 112, 16, 1),
(668, 112, 17, 1),
(669, 112, 18, 2),
(670, 112, 19, 4),
(671, 112, 20, 1),
(672, 112, 21, 5),
(673, 113, 16, 1),
(674, 113, 17, 1),
(675, 113, 18, 2),
(676, 113, 19, 4),
(677, 113, 20, 1),
(678, 113, 21, 5),
(679, 114, 16, 5),
(680, 114, 17, 1),
(681, 114, 18, 2),
(682, 114, 19, 4),
(683, 114, 20, 1),
(684, 114, 21, 5),
(685, 115, 16, 3),
(686, 115, 17, 1),
(687, 115, 18, 2),
(688, 115, 19, 4),
(689, 115, 20, 5),
(690, 115, 21, 5),
(691, 116, 16, 1),
(692, 116, 17, 1),
(693, 116, 18, 2),
(694, 116, 19, 4),
(695, 116, 20, 1),
(696, 116, 21, 5),
(697, 117, 16, 4),
(698, 117, 17, 1),
(699, 117, 18, 3),
(700, 117, 19, 3),
(701, 117, 20, 1),
(702, 117, 21, 3),
(703, 118, 16, 1),
(704, 118, 17, 1),
(705, 118, 18, 2),
(706, 118, 19, 4),
(707, 118, 20, 1),
(708, 118, 21, 5),
(709, 119, 16, 4),
(710, 119, 17, 1),
(711, 119, 18, 2),
(712, 119, 19, 4),
(713, 119, 20, 1),
(714, 119, 21, 5),
(715, 120, 16, 4),
(716, 120, 17, 1),
(717, 120, 18, 1),
(718, 120, 19, 5),
(719, 120, 20, 1),
(720, 120, 21, 5),
(721, 121, 16, 2),
(722, 121, 17, 1),
(723, 121, 18, 2),
(724, 121, 19, 4),
(725, 121, 20, 1),
(726, 121, 21, 1);

-- --------------------------------------------------------

--
-- Struktur dari tabel `kriteria`
--

CREATE TABLE `kriteria` (
  `id_kriteria` int(11) NOT NULL,
  `nama_kriteria` varchar(123) NOT NULL,
  `atribut` varchar(123) NOT NULL,
  `bobot` int(11) NOT NULL
) ENGINE=InnoDB DEFAULT CHARSET=utf8mb4;

--
-- Dumping data untuk tabel `kriteria`
--

INSERT INTO `kriteria` (`id_kriteria`, `nama_kriteria`, `atribut`, `bobot`) VALUES
(16, 'Anggota Keluarga', 'BENEFIT', 25),
(17, 'Jumlah Anak Stunting (Orang)', 'BENEFIT', 25),
(18, 'Jumlah Pengeluaran Per Bulan (Rp)', 'COST', 10),
(19, 'Jumlah Pendapatan Per Bulan (Rp)', 'COST', 20),
(20, 'Luas Aset Lahan Dimiliki (M2)', 'COST', 10),
(21, 'Luas Rumah Tinggal (M2)', 'COST', 10);

-- --------------------------------------------------------

--
-- Struktur dari tabel `lanjutanq`
--

CREATE TABLE `lanjutanq` (
  `id_lanjutanQ` int(11) NOT NULL,
  `id_peserta` int(11) NOT NULL,
  `id_kriteria` int(11) NOT NULL,
  `nilai_lanjutan` float NOT NULL,
  `product` float DEFAULT NULL,
  `nilaikalilanjutan` float DEFAULT NULL
) ENGINE=InnoDB DEFAULT CHARSET=utf8mb4;

--
-- Dumping data untuk tabel `lanjutanq`
--

INSERT INTO `lanjutanq` (`id_lanjutanQ`, `id_peserta`, `id_kriteria`, `nilai_lanjutan`, `product`, `nilaikalilanjutan`) VALUES
(1, 1, 16, 0.816496, 0.515175, 0.257587),
(2, 1, 17, 1, 0.515175, 0.257587),
(3, 1, 18, 1, 0.515175, 0.257587),
(4, 1, 19, 0.832553, 0.515175, 0.257587),
(5, 1, 20, 0.870551, 0.515175, 0.257587),
(6, 1, 21, 0.870551, 0.515175, 0.257587),
(7, 2, 16, 0.86334, 0.53271, 0.266355),
(8, 2, 17, 1, 0.53271, 0.266355),
(9, 2, 18, 1, 0.53271, 0.266355),
(10, 2, 19, 0.832553, 0.53271, 0.266355),
(11, 2, 20, 0.85134, 0.53271, 0.266355),
(12, 2, 21, 0.870551, 0.53271, 0.266355),
(13, 3, 16, 0.686589, 0.508223, 0.254111),
(14, 3, 17, 1, 0.508223, 0.254111),
(15, 3, 18, 0.895958, 0.508223, 0.254111),
(16, 3, 19, 0.922108, 0.508223, 0.254111),
(17, 3, 20, 1, 0.508223, 0.254111),
(18, 3, 21, 0.895958, 0.508223, 0.254111),
(19, 4, 16, 0.816496, 0.609051, 0.304525),
(20, 4, 17, 1, 0.609051, 0.304525),
(21, 4, 18, 1, 0.609051, 0.304525),
(22, 4, 19, 0.832553, 0.609051, 0.304525),
(23, 4, 20, 1, 0.609051, 0.304525),
(24, 4, 21, 0.895958, 0.609051, 0.304525),
(25, 5, 16, 0.759835, 0.566786, 0.283393),
(26, 5, 17, 1, 0.566786, 0.283393),
(27, 5, 18, 1, 0.566786, 0.283393),
(28, 5, 19, 0.832553, 0.566786, 0.283393),
(29, 5, 20, 1, 0.566786, 0.283393),
(30, 5, 21, 0.895958, 0.566786, 0.283393),
(31, 6, 16, 0.759835, 0.566786, 0.283393),
(32, 6, 17, 1, 0.566786, 0.283393),
(33, 6, 18, 1, 0.566786, 0.283393),
(34, 6, 19, 0.832553, 0.566786, 0.283393),
(35, 6, 20, 1, 0.566786, 0.283393),
(36, 6, 21, 0.895958, 0.566786, 0.283393),
(37, 7, 16, 0.57735, 0.351239, 0.17562),
(38, 7, 17, 1, 0.351239, 0.17562),
(39, 7, 18, 0.895958, 0.351239, 0.17562),
(40, 7, 19, 0.870551, 0.351239, 0.17562),
(41, 7, 20, 0.870551, 0.351239, 0.17562),
(42, 7, 21, 0.895958, 0.351239, 0.17562),
(43, 8, 16, 0.816496, 0.609051, 0.304525),
(44, 8, 17, 1, 0.609051, 0.304525),
(45, 8, 18, 1, 0.609051, 0.304525),
(46, 8, 19, 0.832553, 0.609051, 0.304525),
(47, 8, 20, 1, 0.609051, 0.304525),
(48, 8, 21, 0.895958, 0.609051, 0.304525),
(49, 9, 16, 0.816496, 0.609051, 0.304525),
(50, 9, 17, 1, 0.609051, 0.304525),
(51, 9, 18, 1, 0.609051, 0.304525),
(52, 9, 19, 0.832553, 0.609051, 0.304525),
(53, 9, 20, 1, 0.609051, 0.304525),
(54, 9, 21, 0.895958, 0.609051, 0.304525),
(55, 10, 16, 0.759835, 0.52883, 0.264415),
(56, 10, 17, 1, 0.52883, 0.264415),
(57, 10, 18, 1, 0.52883, 0.264415),
(58, 10, 19, 0.832553, 0.52883, 0.264415),
(59, 10, 20, 0.933033, 0.52883, 0.264415),
(60, 10, 21, 0.895958, 0.52883, 0.264415),
(61, 11, 16, 0.816496, 0.57735, 0.288675),
(62, 11, 17, 1, 0.57735, 0.288675),
(63, 11, 18, 0.933033, 0.57735, 0.288675),
(64, 11, 19, 0.870551, 0.57735, 0.288675),
(65, 11, 20, 1, 0.57735, 0.288675),
(66, 11, 21, 0.870551, 0.57735, 0.288675),
(67, 12, 16, 0.686589, 0.533342, 0.266671),
(68, 12, 17, 1, 0.533342, 0.266671),
(69, 12, 18, 1, 0.533342, 0.266671),
(70, 12, 19, 0.832553, 0.533342, 0.266671),
(71, 12, 20, 1, 0.533342, 0.266671),
(72, 12, 21, 0.933033, 0.533342, 0.266671),
(73, 13, 16, 0.816496, 0.5942, 0.2971),
(74, 13, 17, 1, 0.5942, 0.2971),
(75, 13, 18, 0.933033, 0.5942, 0.2971),
(76, 13, 19, 0.870551, 0.5942, 0.2971),
(77, 13, 20, 1, 0.5942, 0.2971),
(78, 13, 21, 0.895958, 0.5942, 0.2971),
(79, 14, 16, 0.686589, 0.512149, 0.256075),
(80, 14, 17, 1, 0.512149, 0.256075),
(81, 14, 18, 1, 0.512149, 0.256075),
(82, 14, 19, 0.832553, 0.512149, 0.256075),
(83, 14, 20, 1, 0.512149, 0.256075),
(84, 14, 21, 0.895958, 0.512149, 0.256075),
(85, 15, 16, 0.816496, 0.503806, 0.251903),
(86, 15, 17, 1, 0.503806, 0.251903),
(87, 15, 18, 1, 0.503806, 0.251903),
(88, 15, 19, 0.832553, 0.503806, 0.251903),
(89, 15, 20, 0.85134, 0.503806, 0.251903),
(90, 15, 21, 0.870551, 0.503806, 0.251903),
(91, 16, 16, 0.686589, 0.533342, 0.266671),
(92, 16, 17, 1, 0.533342, 0.266671),
(93, 16, 18, 1, 0.533342, 0.266671),
(94, 16, 19, 0.832553, 0.533342, 0.266671),
(95, 16, 20, 1, 0.533342, 0.266671),
(96, 16, 21, 0.933033, 0.533342, 0.266671),
(97, 17, 16, 0.759835, 0.550713, 0.275357),
(98, 17, 17, 1, 0.550713, 0.275357),
(99, 17, 18, 1, 0.550713, 0.275357),
(100, 17, 19, 0.832553, 0.550713, 0.275357),
(101, 17, 20, 1, 0.550713, 0.275357),
(102, 17, 21, 0.870551, 0.550713, 0.275357),
(103, 18, 16, 0.759835, 0.482527, 0.241264),
(104, 18, 17, 1, 0.482527, 0.241264),
(105, 18, 18, 1, 0.482527, 0.241264),
(106, 18, 19, 0.832553, 0.482527, 0.241264),
(107, 18, 20, 0.85134, 0.482527, 0.241264),
(108, 18, 21, 0.895958, 0.482527, 0.241264),
(109, 19, 16, 0.816496, 0.492688, 0.246344),
(110, 19, 17, 1, 0.492688, 0.246344),
(111, 19, 18, 1, 0.492688, 0.246344),
(112, 19, 19, 0.832553, 0.492688, 0.246344),
(113, 19, 20, 0.85134, 0.492688, 0.246344),
(114, 19, 21, 0.85134, 0.492688, 0.246344),
(115, 20, 16, 0.759835, 0.590239, 0.29512),
(116, 20, 17, 1, 0.590239, 0.29512),
(117, 20, 18, 1, 0.590239, 0.29512),
(118, 20, 19, 0.832553, 0.590239, 0.29512),
(119, 20, 20, 1, 0.590239, 0.29512),
(120, 20, 21, 0.933033, 0.590239, 0.29512),
(121, 21, 16, 0.686589, 0.423649, 0.211824),
(122, 21, 17, 1, 0.423649, 0.211824),
(123, 21, 18, 1, 0.423649, 0.211824),
(124, 21, 19, 0.832553, 0.423649, 0.211824),
(125, 21, 20, 0.85134, 0.423649, 0.211824),
(126, 21, 21, 0.870551, 0.423649, 0.211824),
(127, 22, 16, 0.57735, 0.366642, 0.183321),
(128, 22, 17, 1, 0.366642, 0.183321),
(129, 22, 18, 1, 0.366642, 0.183321),
(130, 22, 19, 0.832553, 0.366642, 0.183321),
(131, 22, 20, 0.85134, 0.366642, 0.183321),
(132, 22, 21, 0.895958, 0.366642, 0.183321),
(133, 23, 16, 0.816496, 0.609051, 0.304525),
(134, 23, 17, 1, 0.609051, 0.304525),
(135, 23, 18, 1, 0.609051, 0.304525),
(136, 23, 19, 0.832553, 0.609051, 0.304525),
(137, 23, 20, 1, 0.609051, 0.304525),
(138, 23, 21, 0.895958, 0.609051, 0.304525),
(139, 24, 16, 0.816496, 0.503806, 0.251903),
(140, 24, 17, 1, 0.503806, 0.251903),
(141, 24, 18, 1, 0.503806, 0.251903),
(142, 24, 19, 0.832553, 0.503806, 0.251903),
(143, 24, 20, 0.85134, 0.503806, 0.251903),
(144, 24, 21, 0.870551, 0.503806, 0.251903),
(145, 25, 16, 0.759835, 0.566786, 0.283393),
(146, 25, 17, 1, 0.566786, 0.283393),
(147, 25, 18, 1, 0.566786, 0.283393),
(148, 25, 19, 0.832553, 0.566786, 0.283393),
(149, 25, 20, 1, 0.566786, 0.283393),
(150, 25, 21, 0.895958, 0.566786, 0.283393),
(151, 26, 16, 0.686589, 0.512149, 0.256075),
(152, 26, 17, 1, 0.512149, 0.256075),
(153, 26, 18, 1, 0.512149, 0.256075),
(154, 26, 19, 0.832553, 0.512149, 0.256075),
(155, 26, 20, 1, 0.512149, 0.256075),
(156, 26, 21, 0.895958, 0.512149, 0.256075),
(157, 27, 16, 0.686589, 0.4143, 0.20715),
(158, 27, 17, 1, 0.4143, 0.20715),
(159, 27, 18, 1, 0.4143, 0.20715),
(160, 27, 19, 0.832553, 0.4143, 0.20715),
(161, 27, 20, 0.85134, 0.4143, 0.20715),
(162, 27, 21, 0.85134, 0.4143, 0.20715),
(163, 28, 16, 0.759835, 0.53856, 0.26928),
(164, 28, 17, 1, 0.53856, 0.26928),
(165, 28, 18, 1, 0.53856, 0.26928),
(166, 28, 19, 0.832553, 0.53856, 0.26928),
(167, 28, 20, 1, 0.53856, 0.26928),
(168, 28, 21, 0.85134, 0.53856, 0.26928),
(169, 29, 16, 0.86334, 0.625731, 0.312866),
(170, 29, 17, 1, 0.625731, 0.312866),
(171, 29, 18, 1, 0.625731, 0.312866),
(172, 29, 19, 0.832553, 0.625731, 0.312866),
(173, 29, 20, 1, 0.625731, 0.312866),
(174, 29, 21, 0.870551, 0.625731, 0.312866),
(175, 30, 16, 0.686589, 0.485492, 0.242746),
(176, 30, 17, 1, 0.485492, 0.242746),
(177, 30, 18, 0.933033, 0.485492, 0.242746),
(178, 30, 19, 0.870551, 0.485492, 0.242746),
(179, 30, 20, 1, 0.485492, 0.242746),
(180, 30, 21, 0.870551, 0.485492, 0.242746),
(181, 31, 16, 0.57735, 0.408249, 0.204124),
(182, 31, 17, 1, 0.408249, 0.204124),
(183, 31, 18, 0.933033, 0.408249, 0.204124),
(184, 31, 19, 0.870551, 0.408249, 0.204124),
(185, 31, 20, 1, 0.408249, 0.204124),
(186, 31, 21, 0.870551, 0.408249, 0.204124),
(187, 32, 16, 0.686589, 0.497626, 0.248813),
(188, 32, 17, 1, 0.497626, 0.248813),
(189, 32, 18, 1, 0.497626, 0.248813),
(190, 32, 19, 0.832553, 0.497626, 0.248813),
(191, 32, 20, 1, 0.497626, 0.248813),
(192, 32, 21, 0.870551, 0.497626, 0.248813),
(193, 33, 16, 0.686589, 0.423649, 0.211824),
(194, 33, 17, 1, 0.423649, 0.211824),
(195, 33, 18, 1, 0.423649, 0.211824),
(196, 33, 19, 0.832553, 0.423649, 0.211824),
(197, 33, 20, 0.85134, 0.423649, 0.211824),
(198, 33, 21, 0.870551, 0.423649, 0.211824),
(199, 34, 16, 0.686589, 0.445852, 0.222926),
(200, 34, 17, 1, 0.445852, 0.222926),
(201, 34, 18, 1, 0.445852, 0.222926),
(202, 34, 19, 0.832553, 0.445852, 0.222926),
(203, 34, 20, 0.870551, 0.445852, 0.222926),
(204, 34, 21, 0.895958, 0.445852, 0.222926),
(205, 35, 16, 0.759835, 0.566786, 0.283393),
(206, 35, 17, 1, 0.566786, 0.283393),
(207, 35, 18, 1, 0.566786, 0.283393),
(208, 35, 19, 0.832553, 0.566786, 0.283393),
(209, 35, 20, 1, 0.566786, 0.283393),
(210, 35, 21, 0.895958, 0.566786, 0.283393),
(211, 36, 16, 0.759835, 0.53856, 0.26928),
(212, 36, 17, 1, 0.53856, 0.26928),
(213, 36, 18, 1, 0.53856, 0.26928),
(214, 36, 19, 0.832553, 0.53856, 0.26928),
(215, 36, 20, 1, 0.53856, 0.26928),
(216, 36, 21, 0.85134, 0.53856, 0.26928),
(217, 37, 16, 0.686589, 0.520338, 0.260169),
(218, 37, 17, 1, 0.520338, 0.260169),
(219, 37, 18, 1, 0.520338, 0.260169),
(220, 37, 19, 0.870551, 0.520338, 0.260169),
(221, 37, 20, 1, 0.520338, 0.260169),
(222, 37, 21, 0.870551, 0.520338, 0.260169),
(223, 38, 16, 0.686589, 0.486644, 0.243322),
(224, 38, 17, 1, 0.486644, 0.243322),
(225, 38, 18, 1, 0.486644, 0.243322),
(226, 38, 19, 0.832553, 0.486644, 0.243322),
(227, 38, 20, 1, 0.486644, 0.243322),
(228, 38, 21, 0.85134, 0.486644, 0.243322),
(229, 39, 16, 0.759835, 0.566786, 0.283393),
(230, 39, 17, 1, 0.566786, 0.283393),
(231, 39, 18, 1, 0.566786, 0.283393),
(232, 39, 19, 0.832553, 0.566786, 0.283393),
(233, 39, 20, 1, 0.566786, 0.283393),
(234, 39, 21, 0.895958, 0.566786, 0.283393),
(235, 40, 16, 0.686589, 0.512149, 0.256075),
(236, 40, 17, 1, 0.512149, 0.256075),
(237, 40, 18, 1, 0.512149, 0.256075),
(238, 40, 19, 0.832553, 0.512149, 0.256075),
(239, 40, 20, 1, 0.512149, 0.256075),
(240, 40, 21, 0.895958, 0.512149, 0.256075),
(241, 41, 16, 0.759835, 0.53856, 0.26928),
(242, 41, 17, 1, 0.53856, 0.26928),
(243, 41, 18, 1, 0.53856, 0.26928),
(244, 41, 19, 0.832553, 0.53856, 0.26928),
(245, 41, 20, 1, 0.53856, 0.26928),
(246, 41, 21, 0.85134, 0.53856, 0.26928),
(247, 42, 16, 0.686589, 0.499661, 0.249831),
(248, 42, 17, 1, 0.499661, 0.249831),
(249, 42, 18, 0.933033, 0.499661, 0.249831),
(250, 42, 19, 0.870551, 0.499661, 0.249831),
(251, 42, 20, 1, 0.499661, 0.249831),
(252, 42, 21, 0.895958, 0.499661, 0.249831),
(253, 43, 16, 0.686589, 0.499661, 0.249831),
(254, 43, 17, 1, 0.499661, 0.249831),
(255, 43, 18, 0.933033, 0.499661, 0.249831),
(256, 43, 19, 0.870551, 0.499661, 0.249831),
(257, 43, 20, 1, 0.499661, 0.249831),
(258, 43, 21, 0.895958, 0.499661, 0.249831),
(259, 44, 16, 0.686589, 0.533342, 0.266671),
(260, 44, 17, 1, 0.533342, 0.266671),
(261, 44, 18, 1, 0.533342, 0.266671),
(262, 44, 19, 0.832553, 0.533342, 0.266671),
(263, 44, 20, 1, 0.533342, 0.266671),
(264, 44, 21, 0.933033, 0.533342, 0.266671),
(265, 45, 16, 0.57735, 0.409217, 0.204609),
(266, 45, 17, 1, 0.409217, 0.204609),
(267, 45, 18, 1, 0.409217, 0.204609),
(268, 45, 19, 0.832553, 0.409217, 0.204609),
(269, 45, 20, 1, 0.409217, 0.204609),
(270, 45, 21, 0.85134, 0.409217, 0.204609),
(271, 46, 16, 0.816496, 0.578721, 0.28936),
(272, 46, 17, 1, 0.578721, 0.28936),
(273, 46, 18, 1, 0.578721, 0.28936),
(274, 46, 19, 0.832553, 0.578721, 0.28936),
(275, 46, 20, 1, 0.578721, 0.28936),
(276, 46, 21, 0.85134, 0.578721, 0.28936),
(277, 47, 16, 0.759835, 0.53856, 0.26928),
(278, 47, 17, 1, 0.53856, 0.26928),
(279, 47, 18, 1, 0.53856, 0.26928),
(280, 47, 19, 0.832553, 0.53856, 0.26928),
(281, 47, 20, 1, 0.53856, 0.26928),
(282, 47, 21, 0.85134, 0.53856, 0.26928),
(283, 48, 16, 0.759835, 0.590239, 0.29512),
(284, 48, 17, 1, 0.590239, 0.29512),
(285, 48, 18, 1, 0.590239, 0.29512),
(286, 48, 19, 0.832553, 0.590239, 0.29512),
(287, 48, 20, 1, 0.590239, 0.29512),
(288, 48, 21, 0.933033, 0.590239, 0.29512),
(289, 49, 16, 0.686589, 0.533342, 0.266671),
(290, 49, 17, 1, 0.533342, 0.266671),
(291, 49, 18, 1, 0.533342, 0.266671),
(292, 49, 19, 0.832553, 0.533342, 0.266671),
(293, 49, 20, 1, 0.533342, 0.266671),
(294, 49, 21, 0.933033, 0.533342, 0.266671),
(295, 50, 16, 0.759835, 0.502494, 0.251247),
(296, 50, 17, 1, 0.502494, 0.251247),
(297, 50, 18, 1, 0.502494, 0.251247),
(298, 50, 19, 0.832553, 0.502494, 0.251247),
(299, 50, 20, 0.85134, 0.502494, 0.251247),
(300, 50, 21, 0.933033, 0.502494, 0.251247),
(301, 51, 16, 0.759835, 0.550713, 0.275357),
(302, 51, 17, 1, 0.550713, 0.275357),
(303, 51, 18, 1, 0.550713, 0.275357),
(304, 51, 19, 0.832553, 0.550713, 0.275357),
(305, 51, 20, 1, 0.550713, 0.275357),
(306, 51, 21, 0.870551, 0.550713, 0.275357),
(307, 52, 16, 0.57735, 0.427362, 0.213681),
(308, 52, 17, 1, 0.427362, 0.213681),
(309, 52, 18, 0.895958, 0.427362, 0.213681),
(310, 52, 19, 0.922108, 0.427362, 0.213681),
(311, 52, 20, 1, 0.427362, 0.213681),
(312, 52, 21, 0.895958, 0.427362, 0.213681),
(313, 53, 16, 0.57735, 0.40608, 0.20304),
(314, 53, 17, 1, 0.40608, 0.20304),
(315, 53, 18, 0.895958, 0.40608, 0.20304),
(316, 53, 19, 0.922108, 0.40608, 0.20304),
(317, 53, 20, 1, 0.40608, 0.20304),
(318, 53, 21, 0.85134, 0.40608, 0.20304),
(319, 54, 16, 0.759835, 0.482527, 0.241264),
(320, 54, 17, 1, 0.482527, 0.241264),
(321, 54, 18, 1, 0.482527, 0.241264),
(322, 54, 19, 0.832553, 0.482527, 0.241264),
(323, 54, 20, 0.85134, 0.482527, 0.241264),
(324, 54, 21, 0.895958, 0.482527, 0.241264),
(325, 55, 16, 0.759835, 0.550713, 0.275357),
(326, 55, 17, 1, 0.550713, 0.275357),
(327, 55, 18, 1, 0.550713, 0.275357),
(328, 55, 19, 0.832553, 0.550713, 0.275357),
(329, 55, 20, 1, 0.550713, 0.275357),
(330, 55, 21, 0.870551, 0.550713, 0.275357),
(331, 56, 16, 0.57735, 0.430664, 0.215332),
(332, 56, 17, 1, 0.430664, 0.215332),
(333, 56, 18, 1, 0.430664, 0.215332),
(334, 56, 19, 0.832553, 0.430664, 0.215332),
(335, 56, 20, 1, 0.430664, 0.215332),
(336, 56, 21, 0.895958, 0.430664, 0.215332),
(337, 57, 16, 0.759835, 0.481385, 0.240692),
(338, 57, 17, 1, 0.481385, 0.240692),
(339, 57, 18, 0.933033, 0.481385, 0.240692),
(340, 57, 19, 0.870551, 0.481385, 0.240692),
(341, 57, 20, 0.870551, 0.481385, 0.240692),
(342, 57, 21, 0.895958, 0.481385, 0.240692),
(343, 58, 16, 0.57735, 0.382899, 0.191449),
(344, 58, 17, 1, 0.382899, 0.191449),
(345, 58, 18, 0.895958, 0.382899, 0.191449),
(346, 58, 19, 0.922108, 0.382899, 0.191449),
(347, 58, 20, 0.895958, 0.382899, 0.191449),
(348, 58, 21, 0.895958, 0.382899, 0.191449),
(349, 59, 16, 0.759835, 0.566786, 0.283393),
(350, 59, 17, 1, 0.566786, 0.283393),
(351, 59, 18, 1, 0.566786, 0.283393),
(352, 59, 19, 0.832553, 0.566786, 0.283393),
(353, 59, 20, 1, 0.566786, 0.283393),
(354, 59, 21, 0.895958, 0.566786, 0.283393),
(355, 60, 16, 0.686589, 0.512149, 0.256075),
(356, 60, 17, 1, 0.512149, 0.256075),
(357, 60, 18, 1, 0.512149, 0.256075),
(358, 60, 19, 0.832553, 0.512149, 0.256075),
(359, 60, 20, 1, 0.512149, 0.256075),
(360, 60, 21, 0.895958, 0.512149, 0.256075),
(361, 61, 16, 0.57735, 0.448485, 0.224243),
(362, 61, 17, 1, 0.448485, 0.224243),
(363, 61, 18, 1, 0.448485, 0.224243),
(364, 61, 19, 0.832553, 0.448485, 0.224243),
(365, 61, 20, 1, 0.448485, 0.224243),
(366, 61, 21, 0.933033, 0.448485, 0.224243),
(367, 62, 16, 0.759835, 0.590239, 0.29512),
(368, 62, 17, 1, 0.590239, 0.29512),
(369, 62, 18, 1, 0.590239, 0.29512),
(370, 62, 19, 0.832553, 0.590239, 0.29512),
(371, 62, 20, 1, 0.590239, 0.29512),
(372, 62, 21, 0.933033, 0.590239, 0.29512),
(373, 63, 16, 0.816496, 0.503806, 0.251903),
(374, 63, 17, 1, 0.503806, 0.251903),
(375, 63, 18, 1, 0.503806, 0.251903),
(376, 63, 19, 0.832553, 0.503806, 0.251903),
(377, 63, 20, 0.85134, 0.503806, 0.251903),
(378, 63, 21, 0.870551, 0.503806, 0.251903),
(379, 64, 16, 0.86334, 0.625731, 0.312866),
(380, 64, 17, 1, 0.625731, 0.312866),
(381, 64, 18, 1, 0.625731, 0.312866),
(382, 64, 19, 0.832553, 0.625731, 0.312866),
(383, 64, 20, 1, 0.625731, 0.312866),
(384, 64, 21, 0.870551, 0.625731, 0.312866),
(385, 65, 16, 0.686589, 0.486644, 0.243322),
(386, 65, 17, 1, 0.486644, 0.243322),
(387, 65, 18, 1, 0.486644, 0.243322),
(388, 65, 19, 0.832553, 0.486644, 0.243322),
(389, 65, 20, 1, 0.486644, 0.243322),
(390, 65, 21, 0.85134, 0.486644, 0.243322),
(391, 66, 16, 0.759835, 0.53856, 0.26928),
(392, 66, 17, 1, 0.53856, 0.26928),
(393, 66, 18, 1, 0.53856, 0.26928),
(394, 66, 19, 0.832553, 0.53856, 0.26928),
(395, 66, 20, 1, 0.53856, 0.26928),
(396, 66, 21, 0.85134, 0.53856, 0.26928),
(397, 67, 16, 0.57735, 0.43755, 0.218775),
(398, 67, 17, 1, 0.43755, 0.218775),
(399, 67, 18, 0.933033, 0.43755, 0.218775),
(400, 67, 19, 0.870551, 0.43755, 0.218775),
(401, 67, 20, 1, 0.43755, 0.218775),
(402, 67, 21, 0.933033, 0.43755, 0.218775),
(403, 68, 16, 0.686589, 0.486644, 0.243322),
(404, 68, 17, 1, 0.486644, 0.243322),
(405, 68, 18, 1, 0.486644, 0.243322),
(406, 68, 19, 0.832553, 0.486644, 0.243322),
(407, 68, 20, 0.85134, 0.486644, 0.243322),
(408, 68, 21, 1, 0.486644, 0.243322),
(409, 69, 16, 0.816496, 0.57735, 0.288675),
(410, 69, 17, 1, 0.57735, 0.288675),
(411, 69, 18, 0.933033, 0.57735, 0.288675),
(412, 69, 19, 0.870551, 0.57735, 0.288675),
(413, 69, 20, 1, 0.57735, 0.288675),
(414, 69, 21, 0.870551, 0.57735, 0.288675),
(415, 70, 16, 0.816496, 0.503806, 0.251903),
(416, 70, 17, 1, 0.503806, 0.251903),
(417, 70, 18, 1, 0.503806, 0.251903),
(418, 70, 19, 0.832553, 0.503806, 0.251903),
(419, 70, 20, 0.85134, 0.503806, 0.251903),
(420, 70, 21, 0.870551, 0.503806, 0.251903),
(421, 71, 16, 0.57735, 0.418452, 0.209226),
(422, 71, 17, 1, 0.418452, 0.209226),
(423, 71, 18, 1, 0.418452, 0.209226),
(424, 71, 19, 0.832553, 0.418452, 0.209226),
(425, 71, 20, 1, 0.418452, 0.209226),
(426, 71, 21, 0.870551, 0.418452, 0.209226),
(427, 72, 16, 0.57735, 0.430664, 0.215332),
(428, 72, 17, 1, 0.430664, 0.215332),
(429, 72, 18, 1, 0.430664, 0.215332),
(430, 72, 19, 0.832553, 0.430664, 0.215332),
(431, 72, 20, 1, 0.430664, 0.215332),
(432, 72, 21, 0.895958, 0.430664, 0.215332),
(433, 73, 16, 0.970984, 0.585909, 0.292954),
(434, 73, 17, 1, 0.585909, 0.292954),
(435, 73, 18, 1, 0.585909, 0.292954),
(436, 73, 19, 0.832553, 0.585909, 0.292954),
(437, 73, 20, 0.85134, 0.585909, 0.292954),
(438, 73, 21, 0.85134, 0.585909, 0.292954),
(439, 74, 16, 0.903602, 0.64046, 0.32023),
(440, 74, 17, 1, 0.64046, 0.32023),
(441, 74, 18, 1, 0.64046, 0.32023),
(442, 74, 19, 0.832553, 0.64046, 0.32023),
(443, 74, 20, 1, 0.64046, 0.32023),
(444, 74, 21, 0.85134, 0.64046, 0.32023),
(445, 75, 16, 0.686589, 0.4143, 0.20715),
(446, 75, 17, 1, 0.4143, 0.20715),
(447, 75, 18, 1, 0.4143, 0.20715),
(448, 75, 19, 0.832553, 0.4143, 0.20715),
(449, 75, 20, 0.85134, 0.4143, 0.20715),
(450, 75, 21, 0.85134, 0.4143, 0.20715),
(451, 76, 16, 0.686589, 0.4143, 0.20715),
(452, 76, 17, 1, 0.4143, 0.20715),
(453, 76, 18, 1, 0.4143, 0.20715),
(454, 76, 19, 0.832553, 0.4143, 0.20715),
(455, 76, 20, 0.85134, 0.4143, 0.20715),
(456, 76, 21, 0.85134, 0.4143, 0.20715),
(457, 77, 16, 1, 0.708786, 0.354393),
(458, 77, 17, 1, 0.708786, 0.354393),
(459, 77, 18, 1, 0.708786, 0.354393),
(460, 77, 19, 0.832553, 0.708786, 0.354393),
(461, 77, 20, 1, 0.708786, 0.354393),
(462, 77, 21, 0.85134, 0.708786, 0.354393),
(463, 78, 16, 0.759835, 0.458498, 0.229249),
(464, 78, 17, 1, 0.458498, 0.229249),
(465, 78, 18, 1, 0.458498, 0.229249),
(466, 78, 19, 0.832553, 0.458498, 0.229249),
(467, 78, 20, 0.85134, 0.458498, 0.229249),
(468, 78, 21, 0.85134, 0.458498, 0.229249),
(469, 79, 16, 0.86334, 0.597002, 0.298501),
(470, 79, 17, 1, 0.597002, 0.298501),
(471, 79, 18, 0.933033, 0.597002, 0.298501),
(472, 79, 19, 0.870551, 0.597002, 0.298501),
(473, 79, 20, 1, 0.597002, 0.298501),
(474, 79, 21, 0.85134, 0.597002, 0.298501),
(475, 80, 16, 0.57735, 0.348383, 0.174192),
(476, 80, 17, 1, 0.348383, 0.174192),
(477, 80, 18, 1, 0.348383, 0.174192),
(478, 80, 19, 0.832553, 0.348383, 0.174192),
(479, 80, 20, 0.85134, 0.348383, 0.174192),
(480, 80, 21, 0.85134, 0.348383, 0.174192),
(481, 81, 16, 0.686589, 0.482913, 0.241457),
(482, 81, 17, 1, 0.482913, 0.241457),
(483, 81, 18, 0.895958, 0.482913, 0.241457),
(484, 81, 19, 0.922108, 0.482913, 0.241457),
(485, 81, 20, 1, 0.482913, 0.241457),
(486, 81, 21, 0.85134, 0.482913, 0.241457),
(487, 82, 16, 1, 0.603418, 0.301709),
(488, 82, 17, 1, 0.603418, 0.301709),
(489, 82, 18, 1, 0.603418, 0.301709),
(490, 82, 19, 0.832553, 0.603418, 0.301709),
(491, 82, 20, 0.85134, 0.603418, 0.301709),
(492, 82, 21, 0.85134, 0.603418, 0.301709),
(493, 83, 16, 0.57735, 0.427894, 0.213947),
(494, 83, 17, 1, 0.427894, 0.213947),
(495, 83, 18, 0.870551, 0.427894, 0.213947),
(496, 83, 19, 1, 0.427894, 0.213947),
(497, 83, 20, 1, 0.427894, 0.213947),
(498, 83, 21, 0.85134, 0.427894, 0.213947),
(499, 84, 16, 0.759835, 0.46525, 0.232625),
(500, 84, 17, 1, 0.46525, 0.232625),
(501, 84, 18, 0.895958, 0.46525, 0.232625),
(502, 84, 19, 0.922108, 0.46525, 0.232625),
(503, 84, 20, 0.85134, 0.46525, 0.232625),
(504, 84, 21, 0.870551, 0.46525, 0.232625),
(505, 85, 16, 0.816496, 0.578721, 0.28936),
(506, 85, 17, 1, 0.578721, 0.28936),
(507, 85, 18, 1, 0.578721, 0.28936),
(508, 85, 19, 0.832553, 0.578721, 0.28936),
(509, 85, 20, 1, 0.578721, 0.28936),
(510, 85, 21, 0.85134, 0.578721, 0.28936),
(511, 86, 16, 0.686589, 0.482913, 0.241457),
(512, 86, 17, 1, 0.482913, 0.241457),
(513, 86, 18, 0.895958, 0.482913, 0.241457),
(514, 86, 19, 0.922108, 0.482913, 0.241457),
(515, 86, 20, 1, 0.482913, 0.241457),
(516, 86, 21, 0.85134, 0.482913, 0.241457),
(517, 87, 16, 0.759835, 0.458498, 0.229249),
(518, 87, 17, 1, 0.458498, 0.229249),
(519, 87, 18, 1, 0.458498, 0.229249),
(520, 87, 19, 0.832553, 0.458498, 0.229249),
(521, 87, 20, 0.85134, 0.458498, 0.229249),
(522, 87, 21, 0.85134, 0.458498, 0.229249),
(523, 88, 16, 0.759835, 0.53856, 0.26928),
(524, 88, 17, 1, 0.53856, 0.26928),
(525, 88, 18, 1, 0.53856, 0.26928),
(526, 88, 19, 0.832553, 0.53856, 0.26928),
(527, 88, 20, 1, 0.53856, 0.26928),
(528, 88, 21, 0.85134, 0.53856, 0.26928),
(529, 89, 16, 0.816496, 0.578721, 0.28936),
(530, 89, 17, 1, 0.578721, 0.28936),
(531, 89, 18, 1, 0.578721, 0.28936),
(532, 89, 19, 0.832553, 0.578721, 0.28936),
(533, 89, 20, 1, 0.578721, 0.28936),
(534, 89, 21, 0.85134, 0.578721, 0.28936),
(535, 90, 16, 0.57735, 0.40608, 0.20304),
(536, 90, 17, 1, 0.40608, 0.20304),
(537, 90, 18, 0.895958, 0.40608, 0.20304),
(538, 90, 19, 0.922108, 0.40608, 0.20304),
(539, 90, 20, 0.85134, 0.40608, 0.20304),
(540, 90, 21, 1, 0.40608, 0.20304),
(541, 91, 16, 0.686589, 0.486644, 0.243322),
(542, 91, 17, 1, 0.486644, 0.243322),
(543, 91, 18, 1, 0.486644, 0.243322),
(544, 91, 19, 0.832553, 0.486644, 0.243322),
(545, 91, 20, 1, 0.486644, 0.243322),
(546, 91, 21, 0.85134, 0.486644, 0.243322),
(547, 92, 16, 0.759835, 0.458498, 0.229249),
(548, 92, 17, 1, 0.458498, 0.229249),
(549, 92, 18, 1, 0.458498, 0.229249),
(550, 92, 19, 0.832553, 0.458498, 0.229249),
(551, 92, 20, 0.85134, 0.458498, 0.229249),
(552, 92, 21, 0.85134, 0.458498, 0.229249),
(553, 93, 16, 0.86334, 0.611923, 0.305962),
(554, 93, 17, 1, 0.611923, 0.305962),
(555, 93, 18, 1, 0.611923, 0.305962),
(556, 93, 19, 0.832553, 0.611923, 0.305962),
(557, 93, 20, 1, 0.611923, 0.305962),
(558, 93, 21, 0.85134, 0.611923, 0.305962),
(559, 94, 16, 0.816496, 0.574284, 0.287142),
(560, 94, 17, 1, 0.574284, 0.287142),
(561, 94, 18, 0.895958, 0.574284, 0.287142),
(562, 94, 19, 0.922108, 0.574284, 0.287142),
(563, 94, 20, 1, 0.574284, 0.287142),
(564, 94, 21, 0.85134, 0.574284, 0.287142),
(565, 95, 16, 0.759835, 0.525428, 0.262714),
(566, 95, 17, 1, 0.525428, 0.262714),
(567, 95, 18, 0.933033, 0.525428, 0.262714),
(568, 95, 19, 0.870551, 0.525428, 0.262714),
(569, 95, 20, 1, 0.525428, 0.262714),
(570, 95, 21, 0.85134, 0.525428, 0.262714),
(571, 96, 16, 0.57735, 0.40608, 0.20304),
(572, 96, 17, 1, 0.40608, 0.20304),
(573, 96, 18, 0.895958, 0.40608, 0.20304),
(574, 96, 19, 0.922108, 0.40608, 0.20304),
(575, 96, 20, 1, 0.40608, 0.20304),
(576, 96, 21, 0.85134, 0.40608, 0.20304),
(577, 97, 16, 0.759835, 0.550713, 0.275357),
(578, 97, 17, 1, 0.550713, 0.275357),
(579, 97, 18, 1, 0.550713, 0.275357),
(580, 97, 19, 0.832553, 0.550713, 0.275357),
(581, 97, 20, 1, 0.550713, 0.275357),
(582, 97, 21, 0.870551, 0.550713, 0.275357),
(583, 98, 16, 0.759835, 0.546491, 0.273245),
(584, 98, 17, 1, 0.546491, 0.273245),
(585, 98, 18, 0.895958, 0.546491, 0.273245),
(586, 98, 19, 0.922108, 0.546491, 0.273245),
(587, 98, 20, 1, 0.546491, 0.273245),
(588, 98, 21, 0.870551, 0.546491, 0.273245),
(589, 99, 16, 0.57735, 0.399239, 0.19962),
(590, 99, 17, 1, 0.399239, 0.19962),
(591, 99, 18, 0.933033, 0.399239, 0.19962),
(592, 99, 19, 0.870551, 0.399239, 0.19962),
(593, 99, 20, 1, 0.399239, 0.19962),
(594, 99, 21, 0.85134, 0.399239, 0.19962),
(595, 100, 16, 0.686589, 0.486644, 0.243322),
(596, 100, 17, 1, 0.486644, 0.243322),
(597, 100, 18, 1, 0.486644, 0.243322),
(598, 100, 19, 0.832553, 0.486644, 0.243322),
(599, 100, 20, 1, 0.486644, 0.243322),
(600, 100, 21, 0.85134, 0.486644, 0.243322),
(601, 101, 16, 0.686589, 0.486644, 0.243322),
(602, 101, 17, 1, 0.486644, 0.243322),
(603, 101, 18, 1, 0.486644, 0.243322),
(604, 101, 19, 0.832553, 0.486644, 0.243322),
(605, 101, 20, 1, 0.486644, 0.243322),
(606, 101, 21, 0.85134, 0.486644, 0.243322),
(607, 102, 16, 0.816496, 0.480675, 0.240337),
(608, 102, 17, 1, 0.480675, 0.240337),
(609, 102, 18, 0.933033, 0.480675, 0.240337),
(610, 102, 19, 0.870551, 0.480675, 0.240337),
(611, 102, 20, 0.85134, 0.480675, 0.240337),
(612, 102, 21, 0.85134, 0.480675, 0.240337),
(613, 103, 16, 0.903602, 0.63555, 0.317775),
(614, 103, 17, 1, 0.63555, 0.317775),
(615, 103, 18, 0.895958, 0.63555, 0.317775),
(616, 103, 19, 0.922108, 0.63555, 0.317775),
(617, 103, 20, 1, 0.63555, 0.317775),
(618, 103, 21, 0.85134, 0.63555, 0.317775),
(619, 104, 16, 0.57735, 0.364283, 0.182142),
(620, 104, 17, 1, 0.364283, 0.182142),
(621, 104, 18, 0.870551, 0.364283, 0.182142),
(622, 104, 19, 1, 0.364283, 0.182142),
(623, 104, 20, 0.85134, 0.364283, 0.182142),
(624, 104, 21, 0.85134, 0.364283, 0.182142),
(625, 105, 16, 0.816496, 0.480675, 0.240337),
(626, 105, 17, 1, 0.480675, 0.240337),
(627, 105, 18, 0.933033, 0.480675, 0.240337),
(628, 105, 19, 0.870551, 0.480675, 0.240337),
(629, 105, 20, 0.85134, 0.480675, 0.240337),
(630, 105, 21, 0.85134, 0.480675, 0.240337),
(631, 106, 16, 0.57735, 0.345712, 0.172856),
(632, 106, 17, 1, 0.345712, 0.172856),
(633, 106, 18, 0.895958, 0.345712, 0.172856),
(634, 106, 19, 0.922108, 0.345712, 0.172856),
(635, 106, 20, 0.85134, 0.345712, 0.172856),
(636, 106, 21, 0.85134, 0.345712, 0.172856),
(637, 107, 16, 0.903602, 0.624844, 0.312422),
(638, 107, 17, 1, 0.624844, 0.312422),
(639, 107, 18, 0.933033, 0.624844, 0.312422),
(640, 107, 19, 0.870551, 0.624844, 0.312422),
(641, 107, 20, 1, 0.624844, 0.312422),
(642, 107, 21, 0.85134, 0.624844, 0.312422),
(643, 108, 16, 0.759835, 0.53856, 0.26928),
(644, 108, 17, 1, 0.53856, 0.26928),
(645, 108, 18, 1, 0.53856, 0.26928),
(646, 108, 19, 0.832553, 0.53856, 0.26928),
(647, 108, 20, 1, 0.53856, 0.26928),
(648, 108, 21, 0.85134, 0.53856, 0.26928),
(649, 109, 16, 0.686589, 0.486644, 0.243322),
(650, 109, 17, 1, 0.486644, 0.243322),
(651, 109, 18, 1, 0.486644, 0.243322),
(652, 109, 19, 0.832553, 0.486644, 0.243322),
(653, 109, 20, 1, 0.486644, 0.243322),
(654, 109, 21, 0.85134, 0.486644, 0.243322),
(655, 110, 16, 0.686589, 0.404198, 0.202099),
(656, 110, 17, 1, 0.404198, 0.202099),
(657, 110, 18, 0.933033, 0.404198, 0.202099),
(658, 110, 19, 0.870551, 0.404198, 0.202099),
(659, 110, 20, 0.85134, 0.404198, 0.202099),
(660, 110, 21, 0.85134, 0.404198, 0.202099),
(661, 111, 16, 0.686589, 0.486644, 0.243322),
(662, 111, 17, 1, 0.486644, 0.243322),
(663, 111, 18, 1, 0.486644, 0.243322),
(664, 111, 19, 0.832553, 0.486644, 0.243322),
(665, 111, 20, 1, 0.486644, 0.243322),
(666, 111, 21, 0.85134, 0.486644, 0.243322),
(667, 112, 16, 0.57735, 0.399239, 0.19962),
(668, 112, 17, 1, 0.399239, 0.19962),
(669, 112, 18, 0.933033, 0.399239, 0.19962),
(670, 112, 19, 0.870551, 0.399239, 0.19962),
(671, 112, 20, 1, 0.399239, 0.19962),
(672, 112, 21, 0.85134, 0.399239, 0.19962),
(673, 113, 16, 0.57735, 0.399239, 0.19962),
(674, 113, 17, 1, 0.399239, 0.19962),
(675, 113, 18, 0.933033, 0.399239, 0.19962),
(676, 113, 19, 0.870551, 0.399239, 0.19962),
(677, 113, 20, 1, 0.399239, 0.19962),
(678, 113, 21, 0.85134, 0.399239, 0.19962),
(679, 114, 16, 0.86334, 0.597002, 0.298501),
(680, 114, 17, 1, 0.597002, 0.298501),
(681, 114, 18, 0.933033, 0.597002, 0.298501),
(682, 114, 19, 0.870551, 0.597002, 0.298501),
(683, 114, 20, 1, 0.597002, 0.298501),
(684, 114, 21, 0.85134, 0.597002, 0.298501),
(685, 115, 16, 0.759835, 0.447318, 0.223659),
(686, 115, 17, 1, 0.447318, 0.223659),
(687, 115, 18, 0.933033, 0.447318, 0.223659),
(688, 115, 19, 0.870551, 0.447318, 0.223659),
(689, 115, 20, 0.85134, 0.447318, 0.223659),
(690, 115, 21, 0.85134, 0.447318, 0.223659),
(691, 116, 16, 0.57735, 0.399239, 0.19962),
(692, 116, 17, 1, 0.399239, 0.19962),
(693, 116, 18, 0.933033, 0.399239, 0.19962),
(694, 116, 19, 0.870551, 0.399239, 0.19962),
(695, 116, 20, 1, 0.399239, 0.19962),
(696, 116, 21, 0.85134, 0.399239, 0.19962),
(697, 117, 16, 0.816496, 0.604382, 0.302191),
(698, 117, 17, 1, 0.604382, 0.302191),
(699, 117, 18, 0.895958, 0.604382, 0.302191),
(700, 117, 19, 0.922108, 0.604382, 0.302191),
(701, 117, 20, 1, 0.604382, 0.302191),
(702, 117, 21, 0.895958, 0.604382, 0.302191),
(703, 118, 16, 0.57735, 0.399239, 0.19962),
(704, 118, 17, 1, 0.399239, 0.19962),
(705, 118, 18, 0.933033, 0.399239, 0.19962),
(706, 118, 19, 0.870551, 0.399239, 0.19962),
(707, 118, 20, 1, 0.399239, 0.19962),
(708, 118, 21, 0.85134, 0.399239, 0.19962),
(709, 119, 16, 0.816496, 0.56461, 0.282305),
(710, 119, 17, 1, 0.56461, 0.282305),
(711, 119, 18, 0.933033, 0.56461, 0.282305),
(712, 119, 19, 0.870551, 0.56461, 0.282305),
(713, 119, 20, 1, 0.56461, 0.282305),
(714, 119, 21, 0.85134, 0.56461, 0.282305),
(715, 120, 16, 0.816496, 0.578721, 0.28936),
(716, 120, 17, 1, 0.578721, 0.28936),
(717, 120, 18, 1, 0.578721, 0.28936),
(718, 120, 19, 0.832553, 0.578721, 0.28936),
(719, 120, 20, 1, 0.578721, 0.28936),
(720, 120, 21, 0.85134, 0.578721, 0.28936),
(721, 121, 16, 0.686589, 0.557684, 0.278842),
(722, 121, 17, 1, 0.557684, 0.278842),
(723, 121, 18, 0.933033, 0.557684, 0.278842),
(724, 121, 19, 0.870551, 0.557684, 0.278842),
(725, 121, 20, 1, 0.557684, 0.278842),
(726, 121, 21, 1, 0.557684, 0.278842);

-- --------------------------------------------------------

--
-- Struktur dari tabel `nilaiq`
--

CREATE TABLE `nilaiq` (
  `id_nilaiQ` int(11) NOT NULL,
  `id_peserta` int(11) NOT NULL,
  `id_kriteria` int(11) NOT NULL,
  `nilaiQ` float NOT NULL,
  `sigma` float DEFAULT NULL,
  `nilaikali` float DEFAULT NULL
) ENGINE=InnoDB DEFAULT CHARSET=utf8mb4;

--
-- Dumping data untuk tabel `nilaiq`
--

INSERT INTO `nilaiq` (`id_nilaiQ`, `id_peserta`, `id_kriteria`, `nilaiQ`, `sigma`, `nilaikali`) VALUES
(1, 1, 16, 0.111111, 0.591111, 0.295556),
(2, 1, 17, 0.25, 0.591111, 0.295556),
(3, 1, 18, 0.1, 0.591111, 0.295556),
(4, 1, 19, 0.08, 0.591111, 0.295556),
(5, 1, 20, 0.025, 0.591111, 0.295556),
(6, 1, 21, 0.025, 0.591111, 0.295556),
(7, 2, 16, 0.138889, 0.613889, 0.306944),
(8, 2, 17, 0.25, 0.613889, 0.306944),
(9, 2, 18, 0.1, 0.613889, 0.306944),
(10, 2, 19, 0.08, 0.613889, 0.306944),
(11, 2, 20, 0.02, 0.613889, 0.306944),
(12, 2, 21, 0.025, 0.613889, 0.306944),
(13, 3, 16, 0.0555555, 0.605556, 0.302778),
(14, 3, 17, 0.25, 0.605556, 0.302778),
(15, 3, 18, 0.0333333, 0.605556, 0.302778),
(16, 3, 19, 0.133333, 0.605556, 0.302778),
(17, 3, 20, 0.1, 0.605556, 0.302778),
(18, 3, 21, 0.0333333, 0.605556, 0.302778),
(19, 4, 16, 0.111111, 0.674444, 0.337222),
(20, 4, 17, 0.25, 0.674444, 0.337222),
(21, 4, 18, 0.1, 0.674444, 0.337222),
(22, 4, 19, 0.08, 0.674444, 0.337222),
(23, 4, 20, 0.1, 0.674444, 0.337222),
(24, 4, 21, 0.0333333, 0.674444, 0.337222),
(25, 5, 16, 0.0833332, 0.646667, 0.323333),
(26, 5, 17, 0.25, 0.646667, 0.323333),
(27, 5, 18, 0.1, 0.646667, 0.323333),
(28, 5, 19, 0.08, 0.646667, 0.323333),
(29, 5, 20, 0.1, 0.646667, 0.323333),
(30, 5, 21, 0.0333333, 0.646667, 0.323333),
(31, 6, 16, 0.0833332, 0.646667, 0.323333),
(32, 6, 17, 0.25, 0.646667, 0.323333),
(33, 6, 18, 0.1, 0.646667, 0.323333),
(34, 6, 19, 0.08, 0.646667, 0.323333),
(35, 6, 20, 0.1, 0.646667, 0.323333),
(36, 6, 21, 0.0333333, 0.646667, 0.323333),
(37, 7, 16, 0.0277778, 0.469444, 0.234722),
(38, 7, 17, 0.25, 0.469444, 0.234722),
(39, 7, 18, 0.0333333, 0.469444, 0.234722),
(40, 7, 19, 0.1, 0.469444, 0.234722),
(41, 7, 20, 0.025, 0.469444, 0.234722),
(42, 7, 21, 0.0333333, 0.469444, 0.234722),
(43, 8, 16, 0.111111, 0.674444, 0.337222),
(44, 8, 17, 0.25, 0.674444, 0.337222),
(45, 8, 18, 0.1, 0.674444, 0.337222),
(46, 8, 19, 0.08, 0.674444, 0.337222),
(47, 8, 20, 0.1, 0.674444, 0.337222),
(48, 8, 21, 0.0333333, 0.674444, 0.337222),
(49, 9, 16, 0.111111, 0.674444, 0.337222),
(50, 9, 17, 0.25, 0.674444, 0.337222),
(51, 9, 18, 0.1, 0.674444, 0.337222),
(52, 9, 19, 0.08, 0.674444, 0.337222),
(53, 9, 20, 0.1, 0.674444, 0.337222),
(54, 9, 21, 0.0333333, 0.674444, 0.337222),
(55, 10, 16, 0.0833332, 0.596667, 0.298333),
(56, 10, 17, 0.25, 0.596667, 0.298333),
(57, 10, 18, 0.1, 0.596667, 0.298333),
(58, 10, 19, 0.08, 0.596667, 0.298333),
(59, 10, 20, 0.05, 0.596667, 0.298333),
(60, 10, 21, 0.0333333, 0.596667, 0.298333),
(61, 11, 16, 0.111111, 0.636111, 0.318056),
(62, 11, 17, 0.25, 0.636111, 0.318056),
(63, 11, 18, 0.05, 0.636111, 0.318056),
(64, 11, 19, 0.1, 0.636111, 0.318056),
(65, 11, 20, 0.1, 0.636111, 0.318056),
(66, 11, 21, 0.025, 0.636111, 0.318056),
(67, 12, 16, 0.0555555, 0.635556, 0.317778),
(68, 12, 17, 0.25, 0.635556, 0.317778),
(69, 12, 18, 0.1, 0.635556, 0.317778),
(70, 12, 19, 0.08, 0.635556, 0.317778),
(71, 12, 20, 0.1, 0.635556, 0.317778),
(72, 12, 21, 0.05, 0.635556, 0.317778),
(73, 13, 16, 0.111111, 0.644444, 0.322222),
(74, 13, 17, 0.25, 0.644444, 0.322222),
(75, 13, 18, 0.05, 0.644444, 0.322222),
(76, 13, 19, 0.1, 0.644444, 0.322222),
(77, 13, 20, 0.1, 0.644444, 0.322222),
(78, 13, 21, 0.0333333, 0.644444, 0.322222),
(79, 14, 16, 0.0555555, 0.618889, 0.309444),
(80, 14, 17, 0.25, 0.618889, 0.309444),
(81, 14, 18, 0.1, 0.618889, 0.309444),
(82, 14, 19, 0.08, 0.618889, 0.309444),
(83, 14, 20, 0.1, 0.618889, 0.309444),
(84, 14, 21, 0.0333333, 0.618889, 0.309444),
(85, 15, 16, 0.111111, 0.586111, 0.293056),
(86, 15, 17, 0.25, 0.586111, 0.293056),
(87, 15, 18, 0.1, 0.586111, 0.293056),
(88, 15, 19, 0.08, 0.586111, 0.293056),
(89, 15, 20, 0.02, 0.586111, 0.293056),
(90, 15, 21, 0.025, 0.586111, 0.293056),
(91, 16, 16, 0.0555555, 0.635556, 0.317778),
(92, 16, 17, 0.25, 0.635556, 0.317778),
(93, 16, 18, 0.1, 0.635556, 0.317778),
(94, 16, 19, 0.08, 0.635556, 0.317778),
(95, 16, 20, 0.1, 0.635556, 0.317778),
(96, 16, 21, 0.05, 0.635556, 0.317778),
(97, 17, 16, 0.0833332, 0.638333, 0.319167),
(98, 17, 17, 0.25, 0.638333, 0.319167),
(99, 17, 18, 0.1, 0.638333, 0.319167),
(100, 17, 19, 0.08, 0.638333, 0.319167),
(101, 17, 20, 0.1, 0.638333, 0.319167),
(102, 17, 21, 0.025, 0.638333, 0.319167),
(103, 18, 16, 0.0833332, 0.566667, 0.283333),
(104, 18, 17, 0.25, 0.566667, 0.283333),
(105, 18, 18, 0.1, 0.566667, 0.283333),
(106, 18, 19, 0.08, 0.566667, 0.283333),
(107, 18, 20, 0.02, 0.566667, 0.283333),
(108, 18, 21, 0.0333333, 0.566667, 0.283333),
(109, 19, 16, 0.111111, 0.581111, 0.290556),
(110, 19, 17, 0.25, 0.581111, 0.290556),
(111, 19, 18, 0.1, 0.581111, 0.290556),
(112, 19, 19, 0.08, 0.581111, 0.290556),
(113, 19, 20, 0.02, 0.581111, 0.290556),
(114, 19, 21, 0.02, 0.581111, 0.290556),
(115, 20, 16, 0.0833332, 0.663333, 0.331667),
(116, 20, 17, 0.25, 0.663333, 0.331667),
(117, 20, 18, 0.1, 0.663333, 0.331667),
(118, 20, 19, 0.08, 0.663333, 0.331667),
(119, 20, 20, 0.1, 0.663333, 0.331667),
(120, 20, 21, 0.05, 0.663333, 0.331667),
(121, 21, 16, 0.0555555, 0.530555, 0.265278),
(122, 21, 17, 0.25, 0.530555, 0.265278),
(123, 21, 18, 0.1, 0.530555, 0.265278),
(124, 21, 19, 0.08, 0.530555, 0.265278),
(125, 21, 20, 0.02, 0.530555, 0.265278),
(126, 21, 21, 0.025, 0.530555, 0.265278),
(127, 22, 16, 0.0277778, 0.511111, 0.255556),
(128, 22, 17, 0.25, 0.511111, 0.255556),
(129, 22, 18, 0.1, 0.511111, 0.255556),
(130, 22, 19, 0.08, 0.511111, 0.255556),
(131, 22, 20, 0.02, 0.511111, 0.255556),
(132, 22, 21, 0.0333333, 0.511111, 0.255556),
(133, 23, 16, 0.111111, 0.674444, 0.337222),
(134, 23, 17, 0.25, 0.674444, 0.337222),
(135, 23, 18, 0.1, 0.674444, 0.337222),
(136, 23, 19, 0.08, 0.674444, 0.337222),
(137, 23, 20, 0.1, 0.674444, 0.337222),
(138, 23, 21, 0.0333333, 0.674444, 0.337222),
(139, 24, 16, 0.111111, 0.586111, 0.293056),
(140, 24, 17, 0.25, 0.586111, 0.293056),
(141, 24, 18, 0.1, 0.586111, 0.293056),
(142, 24, 19, 0.08, 0.586111, 0.293056),
(143, 24, 20, 0.02, 0.586111, 0.293056),
(144, 24, 21, 0.025, 0.586111, 0.293056),
(145, 25, 16, 0.0833332, 0.646667, 0.323333),
(146, 25, 17, 0.25, 0.646667, 0.323333),
(147, 25, 18, 0.1, 0.646667, 0.323333),
(148, 25, 19, 0.08, 0.646667, 0.323333),
(149, 25, 20, 0.1, 0.646667, 0.323333),
(150, 25, 21, 0.0333333, 0.646667, 0.323333),
(151, 26, 16, 0.0555555, 0.618889, 0.309444),
(152, 26, 17, 0.25, 0.618889, 0.309444),
(153, 26, 18, 0.1, 0.618889, 0.309444),
(154, 26, 19, 0.08, 0.618889, 0.309444),
(155, 26, 20, 0.1, 0.618889, 0.309444),
(156, 26, 21, 0.0333333, 0.618889, 0.309444),
(157, 27, 16, 0.0555555, 0.525555, 0.262778),
(158, 27, 17, 0.25, 0.525555, 0.262778),
(159, 27, 18, 0.1, 0.525555, 0.262778),
(160, 27, 19, 0.08, 0.525555, 0.262778),
(161, 27, 20, 0.02, 0.525555, 0.262778),
(162, 27, 21, 0.02, 0.525555, 0.262778),
(163, 28, 16, 0.0833332, 0.633333, 0.316667),
(164, 28, 17, 0.25, 0.633333, 0.316667),
(165, 28, 18, 0.1, 0.633333, 0.316667),
(166, 28, 19, 0.08, 0.633333, 0.316667),
(167, 28, 20, 0.1, 0.633333, 0.316667),
(168, 28, 21, 0.02, 0.633333, 0.316667),
(169, 29, 16, 0.138889, 0.693889, 0.346945),
(170, 29, 17, 0.25, 0.693889, 0.346945),
(171, 29, 18, 0.1, 0.693889, 0.346945),
(172, 29, 19, 0.08, 0.693889, 0.346945),
(173, 29, 20, 0.1, 0.693889, 0.346945),
(174, 29, 21, 0.025, 0.693889, 0.346945),
(175, 30, 16, 0.0555555, 0.580555, 0.290278),
(176, 30, 17, 0.25, 0.580555, 0.290278),
(177, 30, 18, 0.05, 0.580555, 0.290278),
(178, 30, 19, 0.1, 0.580555, 0.290278),
(179, 30, 20, 0.1, 0.580555, 0.290278),
(180, 30, 21, 0.025, 0.580555, 0.290278),
(181, 31, 16, 0.0277778, 0.552778, 0.276389),
(182, 31, 17, 0.25, 0.552778, 0.276389),
(183, 31, 18, 0.05, 0.552778, 0.276389),
(184, 31, 19, 0.1, 0.552778, 0.276389),
(185, 31, 20, 0.1, 0.552778, 0.276389),
(186, 31, 21, 0.025, 0.552778, 0.276389),
(187, 32, 16, 0.0555555, 0.610556, 0.305278),
(188, 32, 17, 0.25, 0.610556, 0.305278),
(189, 32, 18, 0.1, 0.610556, 0.305278),
(190, 32, 19, 0.08, 0.610556, 0.305278),
(191, 32, 20, 0.1, 0.610556, 0.305278),
(192, 32, 21, 0.025, 0.610556, 0.305278),
(193, 33, 16, 0.0555555, 0.530555, 0.265278),
(194, 33, 17, 0.25, 0.530555, 0.265278),
(195, 33, 18, 0.1, 0.530555, 0.265278),
(196, 33, 19, 0.08, 0.530555, 0.265278),
(197, 33, 20, 0.02, 0.530555, 0.265278),
(198, 33, 21, 0.025, 0.530555, 0.265278),
(199, 34, 16, 0.0555555, 0.543889, 0.271944),
(200, 34, 17, 0.25, 0.543889, 0.271944),
(201, 34, 18, 0.1, 0.543889, 0.271944),
(202, 34, 19, 0.08, 0.543889, 0.271944),
(203, 34, 20, 0.025, 0.543889, 0.271944),
(204, 34, 21, 0.0333333, 0.543889, 0.271944),
(205, 35, 16, 0.0833332, 0.646667, 0.323333),
(206, 35, 17, 0.25, 0.646667, 0.323333),
(207, 35, 18, 0.1, 0.646667, 0.323333),
(208, 35, 19, 0.08, 0.646667, 0.323333),
(209, 35, 20, 0.1, 0.646667, 0.323333),
(210, 35, 21, 0.0333333, 0.646667, 0.323333),
(211, 36, 16, 0.0833332, 0.633333, 0.316667),
(212, 36, 17, 0.25, 0.633333, 0.316667),
(213, 36, 18, 0.1, 0.633333, 0.316667),
(214, 36, 19, 0.08, 0.633333, 0.316667),
(215, 36, 20, 0.1, 0.633333, 0.316667),
(216, 36, 21, 0.02, 0.633333, 0.316667),
(217, 37, 16, 0.0555555, 0.630556, 0.315278),
(218, 37, 17, 0.25, 0.630556, 0.315278),
(219, 37, 18, 0.1, 0.630556, 0.315278),
(220, 37, 19, 0.1, 0.630556, 0.315278),
(221, 37, 20, 0.1, 0.630556, 0.315278),
(222, 37, 21, 0.025, 0.630556, 0.315278),
(223, 38, 16, 0.0555555, 0.605555, 0.302778),
(224, 38, 17, 0.25, 0.605555, 0.302778),
(225, 38, 18, 0.1, 0.605555, 0.302778),
(226, 38, 19, 0.08, 0.605555, 0.302778),
(227, 38, 20, 0.1, 0.605555, 0.302778),
(228, 38, 21, 0.02, 0.605555, 0.302778),
(229, 39, 16, 0.0833332, 0.646667, 0.323333),
(230, 39, 17, 0.25, 0.646667, 0.323333),
(231, 39, 18, 0.1, 0.646667, 0.323333),
(232, 39, 19, 0.08, 0.646667, 0.323333),
(233, 39, 20, 0.1, 0.646667, 0.323333),
(234, 39, 21, 0.0333333, 0.646667, 0.323333),
(235, 40, 16, 0.0555555, 0.618889, 0.309444),
(236, 40, 17, 0.25, 0.618889, 0.309444),
(237, 40, 18, 0.1, 0.618889, 0.309444),
(238, 40, 19, 0.08, 0.618889, 0.309444),
(239, 40, 20, 0.1, 0.618889, 0.309444),
(240, 40, 21, 0.0333333, 0.618889, 0.309444),
(241, 41, 16, 0.0833332, 0.633333, 0.316667),
(242, 41, 17, 0.25, 0.633333, 0.316667),
(243, 41, 18, 0.1, 0.633333, 0.316667),
(244, 41, 19, 0.08, 0.633333, 0.316667),
(245, 41, 20, 0.1, 0.633333, 0.316667),
(246, 41, 21, 0.02, 0.633333, 0.316667),
(247, 42, 16, 0.0555555, 0.588889, 0.294444),
(248, 42, 17, 0.25, 0.588889, 0.294444),
(249, 42, 18, 0.05, 0.588889, 0.294444),
(250, 42, 19, 0.1, 0.588889, 0.294444),
(251, 42, 20, 0.1, 0.588889, 0.294444),
(252, 42, 21, 0.0333333, 0.588889, 0.294444),
(253, 43, 16, 0.0555555, 0.588889, 0.294444),
(254, 43, 17, 0.25, 0.588889, 0.294444),
(255, 43, 18, 0.05, 0.588889, 0.294444),
(256, 43, 19, 0.1, 0.588889, 0.294444),
(257, 43, 20, 0.1, 0.588889, 0.294444),
(258, 43, 21, 0.0333333, 0.588889, 0.294444),
(259, 44, 16, 0.0555555, 0.635556, 0.317778),
(260, 44, 17, 0.25, 0.635556, 0.317778),
(261, 44, 18, 0.1, 0.635556, 0.317778),
(262, 44, 19, 0.08, 0.635556, 0.317778),
(263, 44, 20, 0.1, 0.635556, 0.317778),
(264, 44, 21, 0.05, 0.635556, 0.317778),
(265, 45, 16, 0.0277778, 0.577778, 0.288889),
(266, 45, 17, 0.25, 0.577778, 0.288889),
(267, 45, 18, 0.1, 0.577778, 0.288889),
(268, 45, 19, 0.08, 0.577778, 0.288889),
(269, 45, 20, 0.1, 0.577778, 0.288889),
(270, 45, 21, 0.02, 0.577778, 0.288889),
(271, 46, 16, 0.111111, 0.661111, 0.330555),
(272, 46, 17, 0.25, 0.661111, 0.330555),
(273, 46, 18, 0.1, 0.661111, 0.330555),
(274, 46, 19, 0.08, 0.661111, 0.330555),
(275, 46, 20, 0.1, 0.661111, 0.330555),
(276, 46, 21, 0.02, 0.661111, 0.330555),
(277, 47, 16, 0.0833332, 0.633333, 0.316667),
(278, 47, 17, 0.25, 0.633333, 0.316667),
(279, 47, 18, 0.1, 0.633333, 0.316667),
(280, 47, 19, 0.08, 0.633333, 0.316667),
(281, 47, 20, 0.1, 0.633333, 0.316667),
(282, 47, 21, 0.02, 0.633333, 0.316667),
(283, 48, 16, 0.0833332, 0.663333, 0.331667),
(284, 48, 17, 0.25, 0.663333, 0.331667),
(285, 48, 18, 0.1, 0.663333, 0.331667),
(286, 48, 19, 0.08, 0.663333, 0.331667),
(287, 48, 20, 0.1, 0.663333, 0.331667),
(288, 48, 21, 0.05, 0.663333, 0.331667),
(289, 49, 16, 0.0555555, 0.635556, 0.317778),
(290, 49, 17, 0.25, 0.635556, 0.317778),
(291, 49, 18, 0.1, 0.635556, 0.317778),
(292, 49, 19, 0.08, 0.635556, 0.317778),
(293, 49, 20, 0.1, 0.635556, 0.317778),
(294, 49, 21, 0.05, 0.635556, 0.317778),
(295, 50, 16, 0.0833332, 0.583333, 0.291667),
(296, 50, 17, 0.25, 0.583333, 0.291667),
(297, 50, 18, 0.1, 0.583333, 0.291667),
(298, 50, 19, 0.08, 0.583333, 0.291667),
(299, 50, 20, 0.02, 0.583333, 0.291667),
(300, 50, 21, 0.05, 0.583333, 0.291667),
(301, 51, 16, 0.0833332, 0.638333, 0.319167),
(302, 51, 17, 0.25, 0.638333, 0.319167),
(303, 51, 18, 0.1, 0.638333, 0.319167),
(304, 51, 19, 0.08, 0.638333, 0.319167),
(305, 51, 20, 0.1, 0.638333, 0.319167),
(306, 51, 21, 0.025, 0.638333, 0.319167),
(307, 52, 16, 0.0277778, 0.577778, 0.288889),
(308, 52, 17, 0.25, 0.577778, 0.288889),
(309, 52, 18, 0.0333333, 0.577778, 0.288889),
(310, 52, 19, 0.133333, 0.577778, 0.288889),
(311, 52, 20, 0.1, 0.577778, 0.288889),
(312, 52, 21, 0.0333333, 0.577778, 0.288889),
(313, 53, 16, 0.0277778, 0.564444, 0.282222),
(314, 53, 17, 0.25, 0.564444, 0.282222),
(315, 53, 18, 0.0333333, 0.564444, 0.282222),
(316, 53, 19, 0.133333, 0.564444, 0.282222),
(317, 53, 20, 0.1, 0.564444, 0.282222),
(318, 53, 21, 0.02, 0.564444, 0.282222),
(319, 54, 16, 0.0833332, 0.566667, 0.283333),
(320, 54, 17, 0.25, 0.566667, 0.283333),
(321, 54, 18, 0.1, 0.566667, 0.283333),
(322, 54, 19, 0.08, 0.566667, 0.283333),
(323, 54, 20, 0.02, 0.566667, 0.283333),
(324, 54, 21, 0.0333333, 0.566667, 0.283333),
(325, 55, 16, 0.0833332, 0.638333, 0.319167),
(326, 55, 17, 0.25, 0.638333, 0.319167),
(327, 55, 18, 0.1, 0.638333, 0.319167),
(328, 55, 19, 0.08, 0.638333, 0.319167),
(329, 55, 20, 0.1, 0.638333, 0.319167),
(330, 55, 21, 0.025, 0.638333, 0.319167),
(331, 56, 16, 0.0277778, 0.591111, 0.295556),
(332, 56, 17, 0.25, 0.591111, 0.295556),
(333, 56, 18, 0.1, 0.591111, 0.295556),
(334, 56, 19, 0.08, 0.591111, 0.295556),
(335, 56, 20, 0.1, 0.591111, 0.295556),
(336, 56, 21, 0.0333333, 0.591111, 0.295556),
(337, 57, 16, 0.0833332, 0.541667, 0.270833),
(338, 57, 17, 0.25, 0.541667, 0.270833),
(339, 57, 18, 0.05, 0.541667, 0.270833),
(340, 57, 19, 0.1, 0.541667, 0.270833),
(341, 57, 20, 0.025, 0.541667, 0.270833),
(342, 57, 21, 0.0333333, 0.541667, 0.270833),
(343, 58, 16, 0.0277778, 0.511111, 0.255556),
(344, 58, 17, 0.25, 0.511111, 0.255556),
(345, 58, 18, 0.0333333, 0.511111, 0.255556),
(346, 58, 19, 0.133333, 0.511111, 0.255556),
(347, 58, 20, 0.0333333, 0.511111, 0.255556),
(348, 58, 21, 0.0333333, 0.511111, 0.255556),
(349, 59, 16, 0.0833332, 0.646667, 0.323333),
(350, 59, 17, 0.25, 0.646667, 0.323333),
(351, 59, 18, 0.1, 0.646667, 0.323333),
(352, 59, 19, 0.08, 0.646667, 0.323333),
(353, 59, 20, 0.1, 0.646667, 0.323333),
(354, 59, 21, 0.0333333, 0.646667, 0.323333),
(355, 60, 16, 0.0555555, 0.618889, 0.309444),
(356, 60, 17, 0.25, 0.618889, 0.309444),
(357, 60, 18, 0.1, 0.618889, 0.309444),
(358, 60, 19, 0.08, 0.618889, 0.309444),
(359, 60, 20, 0.1, 0.618889, 0.309444),
(360, 60, 21, 0.0333333, 0.618889, 0.309444),
(361, 61, 16, 0.0277778, 0.607778, 0.303889),
(362, 61, 17, 0.25, 0.607778, 0.303889),
(363, 61, 18, 0.1, 0.607778, 0.303889),
(364, 61, 19, 0.08, 0.607778, 0.303889),
(365, 61, 20, 0.1, 0.607778, 0.303889),
(366, 61, 21, 0.05, 0.607778, 0.303889),
(367, 62, 16, 0.0833332, 0.663333, 0.331667),
(368, 62, 17, 0.25, 0.663333, 0.331667),
(369, 62, 18, 0.1, 0.663333, 0.331667),
(370, 62, 19, 0.08, 0.663333, 0.331667),
(371, 62, 20, 0.1, 0.663333, 0.331667),
(372, 62, 21, 0.05, 0.663333, 0.331667),
(373, 63, 16, 0.111111, 0.586111, 0.293056),
(374, 63, 17, 0.25, 0.586111, 0.293056),
(375, 63, 18, 0.1, 0.586111, 0.293056),
(376, 63, 19, 0.08, 0.586111, 0.293056),
(377, 63, 20, 0.02, 0.586111, 0.293056),
(378, 63, 21, 0.025, 0.586111, 0.293056),
(379, 64, 16, 0.138889, 0.693889, 0.346945),
(380, 64, 17, 0.25, 0.693889, 0.346945),
(381, 64, 18, 0.1, 0.693889, 0.346945),
(382, 64, 19, 0.08, 0.693889, 0.346945),
(383, 64, 20, 0.1, 0.693889, 0.346945),
(384, 64, 21, 0.025, 0.693889, 0.346945),
(385, 65, 16, 0.0555555, 0.605555, 0.302778),
(386, 65, 17, 0.25, 0.605555, 0.302778),
(387, 65, 18, 0.1, 0.605555, 0.302778),
(388, 65, 19, 0.08, 0.605555, 0.302778),
(389, 65, 20, 0.1, 0.605555, 0.302778),
(390, 65, 21, 0.02, 0.605555, 0.302778),
(391, 66, 16, 0.0833332, 0.633333, 0.316667),
(392, 66, 17, 0.25, 0.633333, 0.316667),
(393, 66, 18, 0.1, 0.633333, 0.316667),
(394, 66, 19, 0.08, 0.633333, 0.316667),
(395, 66, 20, 0.1, 0.633333, 0.316667),
(396, 66, 21, 0.02, 0.633333, 0.316667),
(397, 67, 16, 0.0277778, 0.577778, 0.288889),
(398, 67, 17, 0.25, 0.577778, 0.288889),
(399, 67, 18, 0.05, 0.577778, 0.288889),
(400, 67, 19, 0.1, 0.577778, 0.288889),
(401, 67, 20, 0.1, 0.577778, 0.288889),
(402, 67, 21, 0.05, 0.577778, 0.288889),
(403, 68, 16, 0.0555555, 0.605555, 0.302778),
(404, 68, 17, 0.25, 0.605555, 0.302778),
(405, 68, 18, 0.1, 0.605555, 0.302778),
(406, 68, 19, 0.08, 0.605555, 0.302778),
(407, 68, 20, 0.02, 0.605555, 0.302778),
(408, 68, 21, 0.1, 0.605555, 0.302778),
(409, 69, 16, 0.111111, 0.636111, 0.318056),
(410, 69, 17, 0.25, 0.636111, 0.318056),
(411, 69, 18, 0.05, 0.636111, 0.318056),
(412, 69, 19, 0.1, 0.636111, 0.318056),
(413, 69, 20, 0.1, 0.636111, 0.318056),
(414, 69, 21, 0.025, 0.636111, 0.318056),
(415, 70, 16, 0.111111, 0.586111, 0.293056),
(416, 70, 17, 0.25, 0.586111, 0.293056),
(417, 70, 18, 0.1, 0.586111, 0.293056),
(418, 70, 19, 0.08, 0.586111, 0.293056),
(419, 70, 20, 0.02, 0.586111, 0.293056),
(420, 70, 21, 0.025, 0.586111, 0.293056),
(421, 71, 16, 0.0277778, 0.582778, 0.291389),
(422, 71, 17, 0.25, 0.582778, 0.291389),
(423, 71, 18, 0.1, 0.582778, 0.291389),
(424, 71, 19, 0.08, 0.582778, 0.291389),
(425, 71, 20, 0.1, 0.582778, 0.291389),
(426, 71, 21, 0.025, 0.582778, 0.291389),
(427, 72, 16, 0.0277778, 0.591111, 0.295556),
(428, 72, 17, 0.25, 0.591111, 0.295556),
(429, 72, 18, 0.1, 0.591111, 0.295556),
(430, 72, 19, 0.08, 0.591111, 0.295556),
(431, 72, 20, 0.1, 0.591111, 0.295556),
(432, 72, 21, 0.0333333, 0.591111, 0.295556),
(433, 73, 16, 0.222222, 0.692222, 0.346111),
(434, 73, 17, 0.25, 0.692222, 0.346111),
(435, 73, 18, 0.1, 0.692222, 0.346111),
(436, 73, 19, 0.08, 0.692222, 0.346111),
(437, 73, 20, 0.02, 0.692222, 0.346111),
(438, 73, 21, 0.02, 0.692222, 0.346111),
(439, 74, 16, 0.166667, 0.716667, 0.358333),
(440, 74, 17, 0.25, 0.716667, 0.358333),
(441, 74, 18, 0.1, 0.716667, 0.358333),
(442, 74, 19, 0.08, 0.716667, 0.358333),
(443, 74, 20, 0.1, 0.716667, 0.358333),
(444, 74, 21, 0.02, 0.716667, 0.358333),
(445, 75, 16, 0.0555555, 0.525555, 0.262778),
(446, 75, 17, 0.25, 0.525555, 0.262778),
(447, 75, 18, 0.1, 0.525555, 0.262778),
(448, 75, 19, 0.08, 0.525555, 0.262778),
(449, 75, 20, 0.02, 0.525555, 0.262778),
(450, 75, 21, 0.02, 0.525555, 0.262778),
(451, 76, 16, 0.0555555, 0.525555, 0.262778),
(452, 76, 17, 0.25, 0.525555, 0.262778),
(453, 76, 18, 0.1, 0.525555, 0.262778),
(454, 76, 19, 0.08, 0.525555, 0.262778),
(455, 76, 20, 0.02, 0.525555, 0.262778),
(456, 76, 21, 0.02, 0.525555, 0.262778),
(457, 77, 16, 0.25, 0.8, 0.4),
(458, 77, 17, 0.25, 0.8, 0.4),
(459, 77, 18, 0.1, 0.8, 0.4),
(460, 77, 19, 0.08, 0.8, 0.4),
(461, 77, 20, 0.1, 0.8, 0.4),
(462, 77, 21, 0.02, 0.8, 0.4),
(463, 78, 16, 0.0833332, 0.553333, 0.276667),
(464, 78, 17, 0.25, 0.553333, 0.276667),
(465, 78, 18, 0.1, 0.553333, 0.276667),
(466, 78, 19, 0.08, 0.553333, 0.276667),
(467, 78, 20, 0.02, 0.553333, 0.276667),
(468, 78, 21, 0.02, 0.553333, 0.276667),
(469, 79, 16, 0.138889, 0.658889, 0.329444),
(470, 79, 17, 0.25, 0.658889, 0.329444),
(471, 79, 18, 0.05, 0.658889, 0.329444),
(472, 79, 19, 0.1, 0.658889, 0.329444),
(473, 79, 20, 0.1, 0.658889, 0.329444),
(474, 79, 21, 0.02, 0.658889, 0.329444),
(475, 80, 16, 0.0277778, 0.497778, 0.248889),
(476, 80, 17, 0.25, 0.497778, 0.248889),
(477, 80, 18, 0.1, 0.497778, 0.248889),
(478, 80, 19, 0.08, 0.497778, 0.248889),
(479, 80, 20, 0.02, 0.497778, 0.248889),
(480, 80, 21, 0.02, 0.497778, 0.248889),
(481, 81, 16, 0.0555555, 0.592222, 0.296111),
(482, 81, 17, 0.25, 0.592222, 0.296111),
(483, 81, 18, 0.0333333, 0.592222, 0.296111),
(484, 81, 19, 0.133333, 0.592222, 0.296111),
(485, 81, 20, 0.1, 0.592222, 0.296111),
(486, 81, 21, 0.02, 0.592222, 0.296111),
(487, 82, 16, 0.25, 0.72, 0.36),
(488, 82, 17, 0.25, 0.72, 0.36),
(489, 82, 18, 0.1, 0.72, 0.36),
(490, 82, 19, 0.08, 0.72, 0.36),
(491, 82, 20, 0.02, 0.72, 0.36),
(492, 82, 21, 0.02, 0.72, 0.36),
(493, 83, 16, 0.0277778, 0.622778, 0.311389),
(494, 83, 17, 0.25, 0.622778, 0.311389),
(495, 83, 18, 0.025, 0.622778, 0.311389),
(496, 83, 19, 0.2, 0.622778, 0.311389),
(497, 83, 20, 0.1, 0.622778, 0.311389),
(498, 83, 21, 0.02, 0.622778, 0.311389),
(499, 84, 16, 0.0833332, 0.545, 0.2725),
(500, 84, 17, 0.25, 0.545, 0.2725),
(501, 84, 18, 0.0333333, 0.545, 0.2725),
(502, 84, 19, 0.133333, 0.545, 0.2725),
(503, 84, 20, 0.02, 0.545, 0.2725),
(504, 84, 21, 0.025, 0.545, 0.2725),
(505, 85, 16, 0.111111, 0.661111, 0.330555),
(506, 85, 17, 0.25, 0.661111, 0.330555),
(507, 85, 18, 0.1, 0.661111, 0.330555),
(508, 85, 19, 0.08, 0.661111, 0.330555),
(509, 85, 20, 0.1, 0.661111, 0.330555),
(510, 85, 21, 0.02, 0.661111, 0.330555),
(511, 86, 16, 0.0555555, 0.592222, 0.296111),
(512, 86, 17, 0.25, 0.592222, 0.296111),
(513, 86, 18, 0.0333333, 0.592222, 0.296111),
(514, 86, 19, 0.133333, 0.592222, 0.296111),
(515, 86, 20, 0.1, 0.592222, 0.296111),
(516, 86, 21, 0.02, 0.592222, 0.296111),
(517, 87, 16, 0.0833332, 0.553333, 0.276667),
(518, 87, 17, 0.25, 0.553333, 0.276667),
(519, 87, 18, 0.1, 0.553333, 0.276667),
(520, 87, 19, 0.08, 0.553333, 0.276667),
(521, 87, 20, 0.02, 0.553333, 0.276667),
(522, 87, 21, 0.02, 0.553333, 0.276667),
(523, 88, 16, 0.0833332, 0.633333, 0.316667),
(524, 88, 17, 0.25, 0.633333, 0.316667),
(525, 88, 18, 0.1, 0.633333, 0.316667),
(526, 88, 19, 0.08, 0.633333, 0.316667),
(527, 88, 20, 0.1, 0.633333, 0.316667),
(528, 88, 21, 0.02, 0.633333, 0.316667),
(529, 89, 16, 0.111111, 0.661111, 0.330555),
(530, 89, 17, 0.25, 0.661111, 0.330555),
(531, 89, 18, 0.1, 0.661111, 0.330555),
(532, 89, 19, 0.08, 0.661111, 0.330555),
(533, 89, 20, 0.1, 0.661111, 0.330555),
(534, 89, 21, 0.02, 0.661111, 0.330555),
(535, 90, 16, 0.0277778, 0.564444, 0.282222),
(536, 90, 17, 0.25, 0.564444, 0.282222),
(537, 90, 18, 0.0333333, 0.564444, 0.282222),
(538, 90, 19, 0.133333, 0.564444, 0.282222),
(539, 90, 20, 0.02, 0.564444, 0.282222),
(540, 90, 21, 0.1, 0.564444, 0.282222),
(541, 91, 16, 0.0555555, 0.605555, 0.302778),
(542, 91, 17, 0.25, 0.605555, 0.302778),
(543, 91, 18, 0.1, 0.605555, 0.302778),
(544, 91, 19, 0.08, 0.605555, 0.302778),
(545, 91, 20, 0.1, 0.605555, 0.302778),
(546, 91, 21, 0.02, 0.605555, 0.302778),
(547, 92, 16, 0.0833332, 0.553333, 0.276667),
(548, 92, 17, 0.25, 0.553333, 0.276667),
(549, 92, 18, 0.1, 0.553333, 0.276667),
(550, 92, 19, 0.08, 0.553333, 0.276667),
(551, 92, 20, 0.02, 0.553333, 0.276667),
(552, 92, 21, 0.02, 0.553333, 0.276667),
(553, 93, 16, 0.138889, 0.688889, 0.344445),
(554, 93, 17, 0.25, 0.688889, 0.344445),
(555, 93, 18, 0.1, 0.688889, 0.344445),
(556, 93, 19, 0.08, 0.688889, 0.344445),
(557, 93, 20, 0.1, 0.688889, 0.344445),
(558, 93, 21, 0.02, 0.688889, 0.344445),
(559, 94, 16, 0.111111, 0.647778, 0.323889),
(560, 94, 17, 0.25, 0.647778, 0.323889),
(561, 94, 18, 0.0333333, 0.647778, 0.323889),
(562, 94, 19, 0.133333, 0.647778, 0.323889),
(563, 94, 20, 0.1, 0.647778, 0.323889),
(564, 94, 21, 0.02, 0.647778, 0.323889),
(565, 95, 16, 0.0833332, 0.603333, 0.301667),
(566, 95, 17, 0.25, 0.603333, 0.301667),
(567, 95, 18, 0.05, 0.603333, 0.301667),
(568, 95, 19, 0.1, 0.603333, 0.301667),
(569, 95, 20, 0.1, 0.603333, 0.301667),
(570, 95, 21, 0.02, 0.603333, 0.301667),
(571, 96, 16, 0.0277778, 0.564444, 0.282222),
(572, 96, 17, 0.25, 0.564444, 0.282222),
(573, 96, 18, 0.0333333, 0.564444, 0.282222),
(574, 96, 19, 0.133333, 0.564444, 0.282222),
(575, 96, 20, 0.1, 0.564444, 0.282222),
(576, 96, 21, 0.02, 0.564444, 0.282222),
(577, 97, 16, 0.0833332, 0.638333, 0.319167),
(578, 97, 17, 0.25, 0.638333, 0.319167),
(579, 97, 18, 0.1, 0.638333, 0.319167),
(580, 97, 19, 0.08, 0.638333, 0.319167),
(581, 97, 20, 0.1, 0.638333, 0.319167),
(582, 97, 21, 0.025, 0.638333, 0.319167),
(583, 98, 16, 0.0833332, 0.625, 0.3125),
(584, 98, 17, 0.25, 0.625, 0.3125),
(585, 98, 18, 0.0333333, 0.625, 0.3125),
(586, 98, 19, 0.133333, 0.625, 0.3125),
(587, 98, 20, 0.1, 0.625, 0.3125),
(588, 98, 21, 0.025, 0.625, 0.3125),
(589, 99, 16, 0.0277778, 0.547778, 0.273889),
(590, 99, 17, 0.25, 0.547778, 0.273889),
(591, 99, 18, 0.05, 0.547778, 0.273889),
(592, 99, 19, 0.1, 0.547778, 0.273889),
(593, 99, 20, 0.1, 0.547778, 0.273889),
(594, 99, 21, 0.02, 0.547778, 0.273889),
(595, 100, 16, 0.0555555, 0.605555, 0.302778),
(596, 100, 17, 0.25, 0.605555, 0.302778),
(597, 100, 18, 0.1, 0.605555, 0.302778),
(598, 100, 19, 0.08, 0.605555, 0.302778),
(599, 100, 20, 0.1, 0.605555, 0.302778),
(600, 100, 21, 0.02, 0.605555, 0.302778),
(601, 101, 16, 0.0555555, 0.605555, 0.302778),
(602, 101, 17, 0.25, 0.605555, 0.302778),
(603, 101, 18, 0.1, 0.605555, 0.302778),
(604, 101, 19, 0.08, 0.605555, 0.302778),
(605, 101, 20, 0.1, 0.605555, 0.302778),
(606, 101, 21, 0.02, 0.605555, 0.302778),
(607, 102, 16, 0.111111, 0.551111, 0.275555),
(608, 102, 17, 0.25, 0.551111, 0.275555),
(609, 102, 18, 0.05, 0.551111, 0.275555),
(610, 102, 19, 0.1, 0.551111, 0.275555),
(611, 102, 20, 0.02, 0.551111, 0.275555),
(612, 102, 21, 0.02, 0.551111, 0.275555),
(613, 103, 16, 0.166667, 0.703333, 0.351667),
(614, 103, 17, 0.25, 0.703333, 0.351667),
(615, 103, 18, 0.0333333, 0.703333, 0.351667),
(616, 103, 19, 0.133333, 0.703333, 0.351667),
(617, 103, 20, 0.1, 0.703333, 0.351667),
(618, 103, 21, 0.02, 0.703333, 0.351667),
(619, 104, 16, 0.0277778, 0.542778, 0.271389),
(620, 104, 17, 0.25, 0.542778, 0.271389),
(621, 104, 18, 0.025, 0.542778, 0.271389),
(622, 104, 19, 0.2, 0.542778, 0.271389),
(623, 104, 20, 0.02, 0.542778, 0.271389),
(624, 104, 21, 0.02, 0.542778, 0.271389),
(625, 105, 16, 0.111111, 0.551111, 0.275555),
(626, 105, 17, 0.25, 0.551111, 0.275555),
(627, 105, 18, 0.05, 0.551111, 0.275555),
(628, 105, 19, 0.1, 0.551111, 0.275555),
(629, 105, 20, 0.02, 0.551111, 0.275555),
(630, 105, 21, 0.02, 0.551111, 0.275555),
(631, 106, 16, 0.0277778, 0.484444, 0.242222),
(632, 106, 17, 0.25, 0.484444, 0.242222),
(633, 106, 18, 0.0333333, 0.484444, 0.242222),
(634, 106, 19, 0.133333, 0.484444, 0.242222),
(635, 106, 20, 0.02, 0.484444, 0.242222),
(636, 106, 21, 0.02, 0.484444, 0.242222),
(637, 107, 16, 0.166667, 0.686667, 0.343333),
(638, 107, 17, 0.25, 0.686667, 0.343333),
(639, 107, 18, 0.05, 0.686667, 0.343333),
(640, 107, 19, 0.1, 0.686667, 0.343333),
(641, 107, 20, 0.1, 0.686667, 0.343333),
(642, 107, 21, 0.02, 0.686667, 0.343333),
(643, 108, 16, 0.0833332, 0.633333, 0.316667),
(644, 108, 17, 0.25, 0.633333, 0.316667),
(645, 108, 18, 0.1, 0.633333, 0.316667),
(646, 108, 19, 0.08, 0.633333, 0.316667),
(647, 108, 20, 0.1, 0.633333, 0.316667),
(648, 108, 21, 0.02, 0.633333, 0.316667),
(649, 109, 16, 0.0555555, 0.605555, 0.302778),
(650, 109, 17, 0.25, 0.605555, 0.302778),
(651, 109, 18, 0.1, 0.605555, 0.302778),
(652, 109, 19, 0.08, 0.605555, 0.302778),
(653, 109, 20, 0.1, 0.605555, 0.302778),
(654, 109, 21, 0.02, 0.605555, 0.302778),
(655, 110, 16, 0.0555555, 0.495555, 0.247778),
(656, 110, 17, 0.25, 0.495555, 0.247778),
(657, 110, 18, 0.05, 0.495555, 0.247778),
(658, 110, 19, 0.1, 0.495555, 0.247778),
(659, 110, 20, 0.02, 0.495555, 0.247778),
(660, 110, 21, 0.02, 0.495555, 0.247778),
(661, 111, 16, 0.0555555, 0.605555, 0.302778),
(662, 111, 17, 0.25, 0.605555, 0.302778),
(663, 111, 18, 0.1, 0.605555, 0.302778),
(664, 111, 19, 0.08, 0.605555, 0.302778),
(665, 111, 20, 0.1, 0.605555, 0.302778),
(666, 111, 21, 0.02, 0.605555, 0.302778),
(667, 112, 16, 0.0277778, 0.547778, 0.273889),
(668, 112, 17, 0.25, 0.547778, 0.273889),
(669, 112, 18, 0.05, 0.547778, 0.273889),
(670, 112, 19, 0.1, 0.547778, 0.273889),
(671, 112, 20, 0.1, 0.547778, 0.273889),
(672, 112, 21, 0.02, 0.547778, 0.273889),
(673, 113, 16, 0.0277778, 0.547778, 0.273889),
(674, 113, 17, 0.25, 0.547778, 0.273889),
(675, 113, 18, 0.05, 0.547778, 0.273889),
(676, 113, 19, 0.1, 0.547778, 0.273889),
(677, 113, 20, 0.1, 0.547778, 0.273889),
(678, 113, 21, 0.02, 0.547778, 0.273889),
(679, 114, 16, 0.138889, 0.658889, 0.329444),
(680, 114, 17, 0.25, 0.658889, 0.329444),
(681, 114, 18, 0.05, 0.658889, 0.329444),
(682, 114, 19, 0.1, 0.658889, 0.329444),
(683, 114, 20, 0.1, 0.658889, 0.329444),
(684, 114, 21, 0.02, 0.658889, 0.329444),
(685, 115, 16, 0.0833332, 0.523333, 0.261667),
(686, 115, 17, 0.25, 0.523333, 0.261667),
(687, 115, 18, 0.05, 0.523333, 0.261667),
(688, 115, 19, 0.1, 0.523333, 0.261667),
(689, 115, 20, 0.02, 0.523333, 0.261667),
(690, 115, 21, 0.02, 0.523333, 0.261667),
(691, 116, 16, 0.0277778, 0.547778, 0.273889),
(692, 116, 17, 0.25, 0.547778, 0.273889),
(693, 116, 18, 0.05, 0.547778, 0.273889),
(694, 116, 19, 0.1, 0.547778, 0.273889),
(695, 116, 20, 0.1, 0.547778, 0.273889),
(696, 116, 21, 0.02, 0.547778, 0.273889),
(697, 117, 16, 0.111111, 0.661111, 0.330555),
(698, 117, 17, 0.25, 0.661111, 0.330555),
(699, 117, 18, 0.0333333, 0.661111, 0.330555),
(700, 117, 19, 0.133333, 0.661111, 0.330555),
(701, 117, 20, 0.1, 0.661111, 0.330555),
(702, 117, 21, 0.0333333, 0.661111, 0.330555),
(703, 118, 16, 0.0277778, 0.547778, 0.273889),
(704, 118, 17, 0.25, 0.547778, 0.273889),
(705, 118, 18, 0.05, 0.547778, 0.273889),
(706, 118, 19, 0.1, 0.547778, 0.273889),
(707, 118, 20, 0.1, 0.547778, 0.273889),
(708, 118, 21, 0.02, 0.547778, 0.273889),
(709, 119, 16, 0.111111, 0.631111, 0.315556),
(710, 119, 17, 0.25, 0.631111, 0.315556),
(711, 119, 18, 0.05, 0.631111, 0.315556),
(712, 119, 19, 0.1, 0.631111, 0.315556),
(713, 119, 20, 0.1, 0.631111, 0.315556),
(714, 119, 21, 0.02, 0.631111, 0.315556),
(715, 120, 16, 0.111111, 0.661111, 0.330555),
(716, 120, 17, 0.25, 0.661111, 0.330555),
(717, 120, 18, 0.1, 0.661111, 0.330555),
(718, 120, 19, 0.08, 0.661111, 0.330555),
(719, 120, 20, 0.1, 0.661111, 0.330555),
(720, 120, 21, 0.02, 0.661111, 0.330555),
(721, 121, 16, 0.0555555, 0.655555, 0.327778),
(722, 121, 17, 0.25, 0.655555, 0.327778),
(723, 121, 18, 0.05, 0.655555, 0.327778),
(724, 121, 19, 0.1, 0.655555, 0.327778),
(725, 121, 20, 0.1, 0.655555, 0.327778),
(726, 121, 21, 0.1, 0.655555, 0.327778);

-- --------------------------------------------------------

--
-- Struktur dari tabel `normalisasi_waspas`
--

CREATE TABLE `normalisasi_waspas` (
  `id_normalisasi` int(11) NOT NULL,
  `id_peserta` int(11) NOT NULL,
  `id_kriteria` int(11) NOT NULL,
  `nilai_normalisasi` float NOT NULL
) ENGINE=InnoDB DEFAULT CHARSET=utf8mb4;

--
-- Dumping data untuk tabel `normalisasi_waspas`
--

INSERT INTO `normalisasi_waspas` (`id_normalisasi`, `id_peserta`, `id_kriteria`, `nilai_normalisasi`) VALUES
(1, 1, 16, 0.444444),
(2, 1, 17, 1),
(3, 1, 18, 1),
(4, 1, 19, 0.4),
(5, 1, 20, 0.25),
(6, 1, 21, 0.25),
(7, 2, 16, 0.555556),
(8, 2, 17, 1),
(9, 2, 18, 1),
(10, 2, 19, 0.4),
(11, 2, 20, 0.2),
(12, 2, 21, 0.25),
(13, 3, 16, 0.222222),
(14, 3, 17, 1),
(15, 3, 18, 0.333333),
(16, 3, 19, 0.666667),
(17, 3, 20, 1),
(18, 3, 21, 0.333333),
(19, 4, 16, 0.444444),
(20, 4, 17, 1),
(21, 4, 18, 1),
(22, 4, 19, 0.4),
(23, 4, 20, 1),
(24, 4, 21, 0.333333),
(25, 5, 16, 0.333333),
(26, 5, 17, 1),
(27, 5, 18, 1),
(28, 5, 19, 0.4),
(29, 5, 20, 1),
(30, 5, 21, 0.333333),
(31, 6, 16, 0.333333),
(32, 6, 17, 1),
(33, 6, 18, 1),
(34, 6, 19, 0.4),
(35, 6, 20, 1),
(36, 6, 21, 0.333333),
(37, 7, 16, 0.111111),
(38, 7, 17, 1),
(39, 7, 18, 0.333333),
(40, 7, 19, 0.5),
(41, 7, 20, 0.25),
(42, 7, 21, 0.333333),
(43, 8, 16, 0.444444),
(44, 8, 17, 1),
(45, 8, 18, 1),
(46, 8, 19, 0.4),
(47, 8, 20, 1),
(48, 8, 21, 0.333333),
(49, 9, 16, 0.444444),
(50, 9, 17, 1),
(51, 9, 18, 1),
(52, 9, 19, 0.4),
(53, 9, 20, 1),
(54, 9, 21, 0.333333),
(55, 10, 16, 0.333333),
(56, 10, 17, 1),
(57, 10, 18, 1),
(58, 10, 19, 0.4),
(59, 10, 20, 0.5),
(60, 10, 21, 0.333333),
(61, 11, 16, 0.444444),
(62, 11, 17, 1),
(63, 11, 18, 0.5),
(64, 11, 19, 0.5),
(65, 11, 20, 1),
(66, 11, 21, 0.25),
(67, 12, 16, 0.222222),
(68, 12, 17, 1),
(69, 12, 18, 1),
(70, 12, 19, 0.4),
(71, 12, 20, 1),
(72, 12, 21, 0.5),
(73, 13, 16, 0.444444),
(74, 13, 17, 1),
(75, 13, 18, 0.5),
(76, 13, 19, 0.5),
(77, 13, 20, 1),
(78, 13, 21, 0.333333),
(79, 14, 16, 0.222222),
(80, 14, 17, 1),
(81, 14, 18, 1),
(82, 14, 19, 0.4),
(83, 14, 20, 1),
(84, 14, 21, 0.333333),
(85, 15, 16, 0.444444),
(86, 15, 17, 1),
(87, 15, 18, 1),
(88, 15, 19, 0.4),
(89, 15, 20, 0.2),
(90, 15, 21, 0.25),
(91, 16, 16, 0.222222),
(92, 16, 17, 1),
(93, 16, 18, 1),
(94, 16, 19, 0.4),
(95, 16, 20, 1),
(96, 16, 21, 0.5),
(97, 17, 16, 0.333333),
(98, 17, 17, 1),
(99, 17, 18, 1),
(100, 17, 19, 0.4),
(101, 17, 20, 1),
(102, 17, 21, 0.25),
(103, 18, 16, 0.333333),
(104, 18, 17, 1),
(105, 18, 18, 1),
(106, 18, 19, 0.4),
(107, 18, 20, 0.2),
(108, 18, 21, 0.333333),
(109, 19, 16, 0.444444),
(110, 19, 17, 1),
(111, 19, 18, 1),
(112, 19, 19, 0.4),
(113, 19, 20, 0.2),
(114, 19, 21, 0.2),
(115, 20, 16, 0.333333),
(116, 20, 17, 1),
(117, 20, 18, 1),
(118, 20, 19, 0.4),
(119, 20, 20, 1),
(120, 20, 21, 0.5),
(121, 21, 16, 0.222222),
(122, 21, 17, 1),
(123, 21, 18, 1),
(124, 21, 19, 0.4),
(125, 21, 20, 0.2),
(126, 21, 21, 0.25),
(127, 22, 16, 0.111111),
(128, 22, 17, 1),
(129, 22, 18, 1),
(130, 22, 19, 0.4),
(131, 22, 20, 0.2),
(132, 22, 21, 0.333333),
(133, 23, 16, 0.444444),
(134, 23, 17, 1),
(135, 23, 18, 1),
(136, 23, 19, 0.4),
(137, 23, 20, 1),
(138, 23, 21, 0.333333),
(139, 24, 16, 0.444444),
(140, 24, 17, 1),
(141, 24, 18, 1),
(142, 24, 19, 0.4),
(143, 24, 20, 0.2),
(144, 24, 21, 0.25),
(145, 25, 16, 0.333333),
(146, 25, 17, 1),
(147, 25, 18, 1),
(148, 25, 19, 0.4),
(149, 25, 20, 1),
(150, 25, 21, 0.333333),
(151, 26, 16, 0.222222),
(152, 26, 17, 1),
(153, 26, 18, 1),
(154, 26, 19, 0.4),
(155, 26, 20, 1),
(156, 26, 21, 0.333333),
(157, 27, 16, 0.222222),
(158, 27, 17, 1),
(159, 27, 18, 1),
(160, 27, 19, 0.4),
(161, 27, 20, 0.2),
(162, 27, 21, 0.2),
(163, 28, 16, 0.333333),
(164, 28, 17, 1),
(165, 28, 18, 1),
(166, 28, 19, 0.4),
(167, 28, 20, 1),
(168, 28, 21, 0.2),
(169, 29, 16, 0.555556),
(170, 29, 17, 1),
(171, 29, 18, 1),
(172, 29, 19, 0.4),
(173, 29, 20, 1),
(174, 29, 21, 0.25),
(175, 30, 16, 0.222222),
(176, 30, 17, 1),
(177, 30, 18, 0.5),
(178, 30, 19, 0.5),
(179, 30, 20, 1),
(180, 30, 21, 0.25),
(181, 31, 16, 0.111111),
(182, 31, 17, 1),
(183, 31, 18, 0.5),
(184, 31, 19, 0.5),
(185, 31, 20, 1),
(186, 31, 21, 0.25),
(187, 32, 16, 0.222222),
(188, 32, 17, 1),
(189, 32, 18, 1),
(190, 32, 19, 0.4),
(191, 32, 20, 1),
(192, 32, 21, 0.25),
(193, 33, 16, 0.222222),
(194, 33, 17, 1),
(195, 33, 18, 1),
(196, 33, 19, 0.4),
(197, 33, 20, 0.2),
(198, 33, 21, 0.25),
(199, 34, 16, 0.222222),
(200, 34, 17, 1),
(201, 34, 18, 1),
(202, 34, 19, 0.4),
(203, 34, 20, 0.25),
(204, 34, 21, 0.333333),
(205, 35, 16, 0.333333),
(206, 35, 17, 1),
(207, 35, 18, 1),
(208, 35, 19, 0.4),
(209, 35, 20, 1),
(210, 35, 21, 0.333333),
(211, 36, 16, 0.333333),
(212, 36, 17, 1),
(213, 36, 18, 1),
(214, 36, 19, 0.4),
(215, 36, 20, 1),
(216, 36, 21, 0.2),
(217, 37, 16, 0.222222),
(218, 37, 17, 1),
(219, 37, 18, 1),
(220, 37, 19, 0.5),
(221, 37, 20, 1),
(222, 37, 21, 0.25),
(223, 38, 16, 0.222222),
(224, 38, 17, 1),
(225, 38, 18, 1),
(226, 38, 19, 0.4),
(227, 38, 20, 1),
(228, 38, 21, 0.2),
(229, 39, 16, 0.333333),
(230, 39, 17, 1),
(231, 39, 18, 1),
(232, 39, 19, 0.4),
(233, 39, 20, 1),
(234, 39, 21, 0.333333),
(235, 40, 16, 0.222222),
(236, 40, 17, 1),
(237, 40, 18, 1),
(238, 40, 19, 0.4),
(239, 40, 20, 1),
(240, 40, 21, 0.333333),
(241, 41, 16, 0.333333),
(242, 41, 17, 1),
(243, 41, 18, 1),
(244, 41, 19, 0.4),
(245, 41, 20, 1),
(246, 41, 21, 0.2),
(247, 42, 16, 0.222222),
(248, 42, 17, 1),
(249, 42, 18, 0.5),
(250, 42, 19, 0.5),
(251, 42, 20, 1),
(252, 42, 21, 0.333333),
(253, 43, 16, 0.222222),
(254, 43, 17, 1),
(255, 43, 18, 0.5),
(256, 43, 19, 0.5),
(257, 43, 20, 1),
(258, 43, 21, 0.333333),
(259, 44, 16, 0.222222),
(260, 44, 17, 1),
(261, 44, 18, 1),
(262, 44, 19, 0.4),
(263, 44, 20, 1),
(264, 44, 21, 0.5),
(265, 45, 16, 0.111111),
(266, 45, 17, 1),
(267, 45, 18, 1),
(268, 45, 19, 0.4),
(269, 45, 20, 1),
(270, 45, 21, 0.2),
(271, 46, 16, 0.444444),
(272, 46, 17, 1),
(273, 46, 18, 1),
(274, 46, 19, 0.4),
(275, 46, 20, 1),
(276, 46, 21, 0.2),
(277, 47, 16, 0.333333),
(278, 47, 17, 1),
(279, 47, 18, 1),
(280, 47, 19, 0.4),
(281, 47, 20, 1),
(282, 47, 21, 0.2),
(283, 48, 16, 0.333333),
(284, 48, 17, 1),
(285, 48, 18, 1),
(286, 48, 19, 0.4),
(287, 48, 20, 1),
(288, 48, 21, 0.5),
(289, 49, 16, 0.222222),
(290, 49, 17, 1),
(291, 49, 18, 1),
(292, 49, 19, 0.4),
(293, 49, 20, 1),
(294, 49, 21, 0.5),
(295, 50, 16, 0.333333),
(296, 50, 17, 1),
(297, 50, 18, 1),
(298, 50, 19, 0.4),
(299, 50, 20, 0.2),
(300, 50, 21, 0.5),
(301, 51, 16, 0.333333),
(302, 51, 17, 1),
(303, 51, 18, 1),
(304, 51, 19, 0.4),
(305, 51, 20, 1),
(306, 51, 21, 0.25),
(307, 52, 16, 0.111111),
(308, 52, 17, 1),
(309, 52, 18, 0.333333),
(310, 52, 19, 0.666667),
(311, 52, 20, 1),
(312, 52, 21, 0.333333),
(313, 53, 16, 0.111111),
(314, 53, 17, 1),
(315, 53, 18, 0.333333),
(316, 53, 19, 0.666667),
(317, 53, 20, 1),
(318, 53, 21, 0.2),
(319, 54, 16, 0.333333),
(320, 54, 17, 1),
(321, 54, 18, 1),
(322, 54, 19, 0.4),
(323, 54, 20, 0.2),
(324, 54, 21, 0.333333),
(325, 55, 16, 0.333333),
(326, 55, 17, 1),
(327, 55, 18, 1),
(328, 55, 19, 0.4),
(329, 55, 20, 1),
(330, 55, 21, 0.25),
(331, 56, 16, 0.111111),
(332, 56, 17, 1),
(333, 56, 18, 1),
(334, 56, 19, 0.4),
(335, 56, 20, 1),
(336, 56, 21, 0.333333),
(337, 57, 16, 0.333333),
(338, 57, 17, 1),
(339, 57, 18, 0.5),
(340, 57, 19, 0.5),
(341, 57, 20, 0.25),
(342, 57, 21, 0.333333),
(343, 58, 16, 0.111111),
(344, 58, 17, 1),
(345, 58, 18, 0.333333),
(346, 58, 19, 0.666667),
(347, 58, 20, 0.333333),
(348, 58, 21, 0.333333),
(349, 59, 16, 0.333333),
(350, 59, 17, 1),
(351, 59, 18, 1),
(352, 59, 19, 0.4),
(353, 59, 20, 1),
(354, 59, 21, 0.333333),
(355, 60, 16, 0.222222),
(356, 60, 17, 1),
(357, 60, 18, 1),
(358, 60, 19, 0.4),
(359, 60, 20, 1),
(360, 60, 21, 0.333333),
(361, 61, 16, 0.111111),
(362, 61, 17, 1),
(363, 61, 18, 1),
(364, 61, 19, 0.4),
(365, 61, 20, 1),
(366, 61, 21, 0.5),
(367, 62, 16, 0.333333),
(368, 62, 17, 1),
(369, 62, 18, 1),
(370, 62, 19, 0.4),
(371, 62, 20, 1),
(372, 62, 21, 0.5),
(373, 63, 16, 0.444444),
(374, 63, 17, 1),
(375, 63, 18, 1),
(376, 63, 19, 0.4),
(377, 63, 20, 0.2),
(378, 63, 21, 0.25),
(379, 64, 16, 0.555556),
(380, 64, 17, 1),
(381, 64, 18, 1),
(382, 64, 19, 0.4),
(383, 64, 20, 1),
(384, 64, 21, 0.25),
(385, 65, 16, 0.222222),
(386, 65, 17, 1),
(387, 65, 18, 1),
(388, 65, 19, 0.4),
(389, 65, 20, 1),
(390, 65, 21, 0.2),
(391, 66, 16, 0.333333),
(392, 66, 17, 1),
(393, 66, 18, 1),
(394, 66, 19, 0.4),
(395, 66, 20, 1),
(396, 66, 21, 0.2),
(397, 67, 16, 0.111111),
(398, 67, 17, 1),
(399, 67, 18, 0.5),
(400, 67, 19, 0.5),
(401, 67, 20, 1),
(402, 67, 21, 0.5),
(403, 68, 16, 0.222222),
(404, 68, 17, 1),
(405, 68, 18, 1),
(406, 68, 19, 0.4),
(407, 68, 20, 0.2),
(408, 68, 21, 1),
(409, 69, 16, 0.444444),
(410, 69, 17, 1),
(411, 69, 18, 0.5),
(412, 69, 19, 0.5),
(413, 69, 20, 1),
(414, 69, 21, 0.25),
(415, 70, 16, 0.444444),
(416, 70, 17, 1),
(417, 70, 18, 1),
(418, 70, 19, 0.4),
(419, 70, 20, 0.2),
(420, 70, 21, 0.25),
(421, 71, 16, 0.111111),
(422, 71, 17, 1),
(423, 71, 18, 1),
(424, 71, 19, 0.4),
(425, 71, 20, 1),
(426, 71, 21, 0.25),
(427, 72, 16, 0.111111),
(428, 72, 17, 1),
(429, 72, 18, 1),
(430, 72, 19, 0.4),
(431, 72, 20, 1),
(432, 72, 21, 0.333333),
(433, 73, 16, 0.888889),
(434, 73, 17, 1),
(435, 73, 18, 1),
(436, 73, 19, 0.4),
(437, 73, 20, 0.2),
(438, 73, 21, 0.2),
(439, 74, 16, 0.666667),
(440, 74, 17, 1),
(441, 74, 18, 1),
(442, 74, 19, 0.4),
(443, 74, 20, 1),
(444, 74, 21, 0.2),
(445, 75, 16, 0.222222),
(446, 75, 17, 1),
(447, 75, 18, 1),
(448, 75, 19, 0.4),
(449, 75, 20, 0.2),
(450, 75, 21, 0.2),
(451, 76, 16, 0.222222),
(452, 76, 17, 1),
(453, 76, 18, 1),
(454, 76, 19, 0.4),
(455, 76, 20, 0.2),
(456, 76, 21, 0.2),
(457, 77, 16, 1),
(458, 77, 17, 1),
(459, 77, 18, 1),
(460, 77, 19, 0.4),
(461, 77, 20, 1),
(462, 77, 21, 0.2),
(463, 78, 16, 0.333333),
(464, 78, 17, 1),
(465, 78, 18, 1),
(466, 78, 19, 0.4),
(467, 78, 20, 0.2),
(468, 78, 21, 0.2),
(469, 79, 16, 0.555556),
(470, 79, 17, 1),
(471, 79, 18, 0.5),
(472, 79, 19, 0.5),
(473, 79, 20, 1),
(474, 79, 21, 0.2),
(475, 80, 16, 0.111111),
(476, 80, 17, 1),
(477, 80, 18, 1),
(478, 80, 19, 0.4),
(479, 80, 20, 0.2),
(480, 80, 21, 0.2),
(481, 81, 16, 0.222222),
(482, 81, 17, 1),
(483, 81, 18, 0.333333),
(484, 81, 19, 0.666667),
(485, 81, 20, 1),
(486, 81, 21, 0.2),
(487, 82, 16, 1),
(488, 82, 17, 1),
(489, 82, 18, 1),
(490, 82, 19, 0.4),
(491, 82, 20, 0.2),
(492, 82, 21, 0.2),
(493, 83, 16, 0.111111),
(494, 83, 17, 1),
(495, 83, 18, 0.25),
(496, 83, 19, 1),
(497, 83, 20, 1),
(498, 83, 21, 0.2),
(499, 84, 16, 0.333333),
(500, 84, 17, 1),
(501, 84, 18, 0.333333),
(502, 84, 19, 0.666667),
(503, 84, 20, 0.2),
(504, 84, 21, 0.25),
(505, 85, 16, 0.444444),
(506, 85, 17, 1),
(507, 85, 18, 1),
(508, 85, 19, 0.4),
(509, 85, 20, 1),
(510, 85, 21, 0.2),
(511, 86, 16, 0.222222),
(512, 86, 17, 1),
(513, 86, 18, 0.333333),
(514, 86, 19, 0.666667),
(515, 86, 20, 1),
(516, 86, 21, 0.2),
(517, 87, 16, 0.333333),
(518, 87, 17, 1),
(519, 87, 18, 1),
(520, 87, 19, 0.4),
(521, 87, 20, 0.2),
(522, 87, 21, 0.2),
(523, 88, 16, 0.333333),
(524, 88, 17, 1),
(525, 88, 18, 1),
(526, 88, 19, 0.4),
(527, 88, 20, 1),
(528, 88, 21, 0.2),
(529, 89, 16, 0.444444),
(530, 89, 17, 1),
(531, 89, 18, 1),
(532, 89, 19, 0.4),
(533, 89, 20, 1),
(534, 89, 21, 0.2),
(535, 90, 16, 0.111111),
(536, 90, 17, 1),
(537, 90, 18, 0.333333),
(538, 90, 19, 0.666667),
(539, 90, 20, 0.2),
(540, 90, 21, 1),
(541, 91, 16, 0.222222),
(542, 91, 17, 1),
(543, 91, 18, 1),
(544, 91, 19, 0.4),
(545, 91, 20, 1),
(546, 91, 21, 0.2),
(547, 92, 16, 0.333333),
(548, 92, 17, 1),
(549, 92, 18, 1),
(550, 92, 19, 0.4),
(551, 92, 20, 0.2),
(552, 92, 21, 0.2),
(553, 93, 16, 0.555556),
(554, 93, 17, 1),
(555, 93, 18, 1),
(556, 93, 19, 0.4),
(557, 93, 20, 1),
(558, 93, 21, 0.2),
(559, 94, 16, 0.444444),
(560, 94, 17, 1),
(561, 94, 18, 0.333333),
(562, 94, 19, 0.666667),
(563, 94, 20, 1),
(564, 94, 21, 0.2),
(565, 95, 16, 0.333333),
(566, 95, 17, 1),
(567, 95, 18, 0.5),
(568, 95, 19, 0.5),
(569, 95, 20, 1),
(570, 95, 21, 0.2),
(571, 96, 16, 0.111111),
(572, 96, 17, 1),
(573, 96, 18, 0.333333),
(574, 96, 19, 0.666667),
(575, 96, 20, 1),
(576, 96, 21, 0.2),
(577, 97, 16, 0.333333),
(578, 97, 17, 1),
(579, 97, 18, 1),
(580, 97, 19, 0.4),
(581, 97, 20, 1),
(582, 97, 21, 0.25),
(583, 98, 16, 0.333333),
(584, 98, 17, 1),
(585, 98, 18, 0.333333),
(586, 98, 19, 0.666667),
(587, 98, 20, 1),
(588, 98, 21, 0.25),
(589, 99, 16, 0.111111),
(590, 99, 17, 1),
(591, 99, 18, 0.5),
(592, 99, 19, 0.5),
(593, 99, 20, 1),
(594, 99, 21, 0.2),
(595, 100, 16, 0.222222),
(596, 100, 17, 1),
(597, 100, 18, 1),
(598, 100, 19, 0.4),
(599, 100, 20, 1),
(600, 100, 21, 0.2),
(601, 101, 16, 0.222222),
(602, 101, 17, 1),
(603, 101, 18, 1),
(604, 101, 19, 0.4),
(605, 101, 20, 1),
(606, 101, 21, 0.2),
(607, 102, 16, 0.444444),
(608, 102, 17, 1),
(609, 102, 18, 0.5),
(610, 102, 19, 0.5),
(611, 102, 20, 0.2),
(612, 102, 21, 0.2),
(613, 103, 16, 0.666667),
(614, 103, 17, 1),
(615, 103, 18, 0.333333),
(616, 103, 19, 0.666667),
(617, 103, 20, 1),
(618, 103, 21, 0.2),
(619, 104, 16, 0.111111),
(620, 104, 17, 1),
(621, 104, 18, 0.25),
(622, 104, 19, 1),
(623, 104, 20, 0.2),
(624, 104, 21, 0.2),
(625, 105, 16, 0.444444),
(626, 105, 17, 1),
(627, 105, 18, 0.5),
(628, 105, 19, 0.5),
(629, 105, 20, 0.2),
(630, 105, 21, 0.2),
(631, 106, 16, 0.111111),
(632, 106, 17, 1),
(633, 106, 18, 0.333333),
(634, 106, 19, 0.666667),
(635, 106, 20, 0.2),
(636, 106, 21, 0.2),
(637, 107, 16, 0.666667),
(638, 107, 17, 1),
(639, 107, 18, 0.5),
(640, 107, 19, 0.5),
(641, 107, 20, 1),
(642, 107, 21, 0.2),
(643, 108, 16, 0.333333),
(644, 108, 17, 1),
(645, 108, 18, 1),
(646, 108, 19, 0.4),
(647, 108, 20, 1),
(648, 108, 21, 0.2),
(649, 109, 16, 0.222222),
(650, 109, 17, 1),
(651, 109, 18, 1),
(652, 109, 19, 0.4),
(653, 109, 20, 1),
(654, 109, 21, 0.2),
(655, 110, 16, 0.222222),
(656, 110, 17, 1),
(657, 110, 18, 0.5),
(658, 110, 19, 0.5),
(659, 110, 20, 0.2),
(660, 110, 21, 0.2),
(661, 111, 16, 0.222222),
(662, 111, 17, 1),
(663, 111, 18, 1),
(664, 111, 19, 0.4),
(665, 111, 20, 1),
(666, 111, 21, 0.2),
(667, 112, 16, 0.111111),
(668, 112, 17, 1),
(669, 112, 18, 0.5),
(670, 112, 19, 0.5),
(671, 112, 20, 1),
(672, 112, 21, 0.2),
(673, 113, 16, 0.111111),
(674, 113, 17, 1),
(675, 113, 18, 0.5),
(676, 113, 19, 0.5),
(677, 113, 20, 1),
(678, 113, 21, 0.2),
(679, 114, 16, 0.555556),
(680, 114, 17, 1),
(681, 114, 18, 0.5),
(682, 114, 19, 0.5),
(683, 114, 20, 1),
(684, 114, 21, 0.2),
(685, 115, 16, 0.333333),
(686, 115, 17, 1),
(687, 115, 18, 0.5),
(688, 115, 19, 0.5),
(689, 115, 20, 0.2),
(690, 115, 21, 0.2),
(691, 116, 16, 0.111111),
(692, 116, 17, 1),
(693, 116, 18, 0.5),
(694, 116, 19, 0.5),
(695, 116, 20, 1),
(696, 116, 21, 0.2),
(697, 117, 16, 0.444444),
(698, 117, 17, 1),
(699, 117, 18, 0.333333),
(700, 117, 19, 0.666667),
(701, 117, 20, 1),
(702, 117, 21, 0.333333),
(703, 118, 16, 0.111111),
(704, 118, 17, 1),
(705, 118, 18, 0.5),
(706, 118, 19, 0.5),
(707, 118, 20, 1),
(708, 118, 21, 0.2),
(709, 119, 16, 0.444444),
(710, 119, 17, 1),
(711, 119, 18, 0.5),
(712, 119, 19, 0.5),
(713, 119, 20, 1),
(714, 119, 21, 0.2),
(715, 120, 16, 0.444444),
(716, 120, 17, 1),
(717, 120, 18, 1),
(718, 120, 19, 0.4),
(719, 120, 20, 1),
(720, 120, 21, 0.2),
(721, 121, 16, 0.222222),
(722, 121, 17, 1),
(723, 121, 18, 0.5),
(724, 121, 19, 0.5),
(725, 121, 20, 1),
(726, 121, 21, 1);

-- --------------------------------------------------------

--
-- Struktur dari tabel `perangkingan`
--

CREATE TABLE `perangkingan` (
  `id_perangkingan` int(11) NOT NULL,
  `id_peserta` int(11) NOT NULL,
  `nilai_perangkingan` float NOT NULL
) ENGINE=InnoDB DEFAULT CHARSET=utf8mb4;

--
-- Dumping data untuk tabel `perangkingan`
--

INSERT INTO `perangkingan` (`id_perangkingan`, `id_peserta`, `nilai_perangkingan`) VALUES
(1, 1, 0.553143),
(2, 2, 0.573299),
(3, 3, 0.556889),
(4, 4, 0.641747),
(5, 5, 0.606726),
(6, 6, 0.606726),
(7, 7, 0.410342),
(8, 8, 0.641747),
(9, 9, 0.641747),
(10, 10, 0.562748),
(11, 11, 0.606731),
(12, 12, 0.584449),
(13, 13, 0.619322),
(14, 14, 0.565519),
(15, 15, 0.544959),
(16, 16, 0.584449),
(17, 17, 0.594524),
(18, 18, 0.524597),
(19, 19, 0.5369),
(20, 20, 0.626787),
(21, 21, 0.477102),
(22, 22, 0.438877),
(23, 23, 0.641747),
(24, 24, 0.544959),
(25, 25, 0.606726),
(26, 26, 0.565519),
(27, 27, 0.469928),
(28, 28, 0.585947),
(29, 29, 0.659811),
(30, 30, 0.533024),
(31, 31, 0.480513),
(32, 32, 0.554091),
(33, 33, 0.477102),
(34, 34, 0.49487),
(35, 35, 0.606726),
(36, 36, 0.585947),
(37, 37, 0.575447),
(38, 38, 0.5461),
(39, 39, 0.606726),
(40, 40, 0.565519),
(41, 41, 0.585947),
(42, 42, 0.544275),
(43, 43, 0.544275),
(44, 44, 0.584449),
(45, 45, 0.493498),
(46, 46, 0.619915),
(47, 47, 0.585947),
(48, 48, 0.626787),
(49, 49, 0.584449),
(50, 50, 0.542914),
(51, 51, 0.594524),
(52, 52, 0.50257),
(53, 53, 0.485262),
(54, 54, 0.524597),
(55, 55, 0.594524),
(56, 56, 0.510888),
(57, 57, 0.511525),
(58, 58, 0.447005),
(59, 59, 0.606726),
(60, 60, 0.565519),
(61, 61, 0.528132),
(62, 62, 0.626787),
(63, 63, 0.544959),
(64, 64, 0.659811),
(65, 65, 0.5461),
(66, 66, 0.585947),
(67, 67, 0.507664),
(68, 68, 0.5461),
(69, 69, 0.606731),
(70, 70, 0.544959),
(71, 71, 0.500615),
(72, 72, 0.510888),
(73, 73, 0.639065),
(74, 74, 0.678563),
(75, 75, 0.469928),
(76, 76, 0.469928),
(77, 77, 0.754393),
(78, 78, 0.505916),
(79, 79, 0.627945),
(80, 80, 0.423081),
(81, 81, 0.537568),
(82, 82, 0.661709),
(83, 83, 0.525336),
(84, 84, 0.505125),
(85, 85, 0.619915),
(86, 86, 0.537568),
(87, 87, 0.505916),
(88, 88, 0.585947),
(89, 89, 0.619915),
(90, 90, 0.485262),
(91, 91, 0.5461),
(92, 92, 0.505916),
(93, 93, 0.650407),
(94, 94, 0.611031),
(95, 95, 0.564381),
(96, 96, 0.485262),
(97, 97, 0.594524),
(98, 98, 0.585745),
(99, 99, 0.473509),
(100, 100, 0.5461),
(101, 101, 0.5461),
(102, 102, 0.515892),
(103, 103, 0.669442),
(104, 104, 0.453531),
(105, 105, 0.515892),
(106, 106, 0.415078),
(107, 107, 0.655755),
(108, 108, 0.585947),
(109, 109, 0.5461),
(110, 110, 0.449877),
(111, 111, 0.5461),
(112, 112, 0.473509),
(113, 113, 0.473509),
(114, 114, 0.627945),
(115, 115, 0.485326),
(116, 116, 0.473509),
(117, 117, 0.632746),
(118, 118, 0.473509),
(119, 119, 0.597861),
(120, 120, 0.619915),
(121, 121, 0.60662);

-- --------------------------------------------------------

--
-- Struktur dari tabel `peserta`
--

CREATE TABLE `peserta` (
  `id_peserta` int(11) NOT NULL,
  `nama` varchar(123) NOT NULL,
  `label` varchar(123) NOT NULL
) ENGINE=InnoDB DEFAULT CHARSET=utf8mb4;

--
-- Dumping data untuk tabel `peserta`
--

INSERT INTO `peserta` (`id_peserta`, `nama`, `label`) VALUES
(1, 'MANSUR', 'BLT - DD'),
(2, 'KANAH', 'BLT - DD'),
(3, 'KUSEN', 'BLT - DD'),
(4, 'SUKOH', 'PKH'),
(5, 'TASMU ZAINUDIN', 'Bukan Penerima'),
(6, 'FATKHUR RAZHI, M.Pd.I', 'Bukan Penerima'),
(7, 'SAMSUL HADI', 'Bukan Penerima'),
(8, 'PRAYITNO', 'Bukan Penerima'),
(9, 'SAMSUL', 'Bukan Penerima'),
(10, 'SUWANDI', 'PKH'),
(11, 'SUMANI', 'BST'),
(12, 'ARI KUSWANTO', 'BST'),
(13, 'SONO', 'PKH'),
(14, 'AINUL ROFIQ', 'BST'),
(15, 'ASPIT', 'Bukan Penerima'),
(16, 'AZIS MUSTOFAH', 'Bukan Penerima'),
(17, 'SUPARMAN', 'Bukan Penerima'),
(18, 'MATARI', 'BST'),
(19, 'SUKARNO', 'BLT - DD'),
(20, 'RUSBIYANTO', 'BLT - DD'),
(21, 'KASDI', 'BLT - DD'),
(22, 'SALAM SUSANTO', 'Bukan Penerima'),
(23, 'JOKO ANDRIYANTO', 'Bukan Penerima'),
(24, 'SUYITNO', 'BLT - DD'),
(25, 'MUSLIMIN', 'Bukan Penerima'),
(26, 'YONGKY YULIANSYAH', 'Bukan Penerima'),
(27, 'H SUTOYO', 'Bukan Penerima'),
(28, 'A ALI WAFA', 'Bukan Penerima'),
(29, 'BUDI PRIYONO', 'PKH'),
(30, 'SUYANTO', 'BST'),
(31, 'HERWIN YUNITA', 'Bukan Penerima'),
(32, 'MITRO MIKO PRAMONO', 'Bukan Penerima'),
(33, 'MUSRI', 'BLT - DD'),
(34, 'MA\'RIFAH', 'Bukan Penerima'),
(35, 'ABD JALI', 'Bukan Penerima'),
(36, 'CHAMIT ARIF ', 'BLT - DD'),
(37, 'SRI WIDODO', 'BST'),
(38, 'RUDY YUNIARTO WIDOYOKO, SE', 'Bukan Penerima'),
(39, 'SOLIKIN', 'BST'),
(40, 'KHOSI\'IN', 'Bukan Penerima'),
(41, 'AKHMAD FADEL, SE', 'Bukan Penerima'),
(42, 'MUHAMAD MUKHLISIN', 'Bukan Penerima'),
(43, 'KIROM', 'BST'),
(44, 'TUMIATUN', 'BST'),
(45, 'MUHAMMAD FAJRUS SHOBAH', 'Bukan Penerima'),
(46, 'AFDLOLUH', 'Bukan Penerima'),
(47, 'HASIM', 'PKH'),
(48, 'BAMBANG PRIYANTO', 'PKH'),
(49, 'DJURON', 'BST'),
(50, 'SUPRIYANTO', 'Bukan Penerima'),
(51, 'SOLIKHAN', 'Bukan Penerima'),
(52, 'SAMPURNO', 'BLT - DD'),
(53, 'MALIKAH', 'BST'),
(54, 'SULIANAH', 'Bukan Penerima'),
(55, 'MUHADIRIN', 'BLT - DD'),
(56, 'MUHAMAD MAJID', 'PKH'),
(57, 'ANWAR', 'Bukan Penerima'),
(58, 'SUPI\'I', 'BST'),
(59, 'MUSAMAH', 'BST'),
(60, 'SUWARNO', 'Bukan Penerima'),
(61, 'ABD BASHIT', 'Bukan Penerima'),
(62, 'ABDUL ROHMAN', 'Bukan Penerima'),
(63, 'BUDI HARTONO', 'Bukan Penerima'),
(64, 'MUHIBBIN', 'Bukan Penerima'),
(65, 'SULAMIYAH', 'PKH'),
(66, 'IWANTO', 'Bukan Penerima'),
(67, 'KUSAINI', 'PKH'),
(68, 'TOPAN, SH', 'Bukan Penerima'),
(69, 'AKHMAD ANSHORI', 'Bukan Penerima'),
(70, 'KASTAMIN', 'BST'),
(71, 'SUKANDAR', 'Bukan Penerima'),
(72, 'MULYONO, S.Pd', 'Bukan Penerima'),
(73, 'SUMOHARTO', 'Bukan Penerima'),
(74, 'NUR ALEQ', 'Bukan Penerima'),
(75, 'HJ. NURPIYATI', 'Bukan Penerima'),
(76, 'H. ANWAR', 'Bukan Penerima'),
(77, 'H. SUGIONO', 'Bukan Penerima'),
(78, 'ABDUL ROCHMAN', 'Bukan Penerima'),
(79, 'SLAMET KHUSAENI', 'Bukan Penerima'),
(80, 'SUPRAPTO', 'Bukan Penerima'),
(81, 'RAHMAT PERMADI', 'Bukan Penerima'),
(82, 'H. SUGIANTO', 'Bukan Penerima'),
(83, 'H. MUSLIKAN', 'Bukan Penerima'),
(84, 'EVI DWI WAHYUNI', 'BST'),
(85, 'ZAENAL FANANI', 'Bukan Penerima'),
(86, 'SUPENO', 'Bukan Penerima'),
(87, 'KASIM', 'Bukan Penerima'),
(88, 'SAMSUL HADI, SH', 'Bukan Penerima'),
(89, 'DWI SUSANTO', 'Bukan Penerima'),
(90, 'SUTIKNO', 'BST'),
(91, 'TIAR WAHYU PAMBUDI', 'Bukan Penerima'),
(92, 'YUK AYAH MUNDITIASIH', 'Bukan Penerima'),
(93, 'EDHI PURNOMO, S.Sos', 'Bukan Penerima'),
(94, 'SAMPENI', 'BST'),
(95, 'JUMANTORO', 'PKH'),
(96, 'PATEMI', 'BST'),
(97, 'SURYO PUTRO', 'Bukan Penerima'),
(98, 'MEGO HAJI', 'BLT - DD'),
(99, 'BAMBANG SUTEDJO', 'Bukan Penerima'),
(100, 'AHMAD JUNAEDI', 'Bukan Penerima'),
(101, 'FERDIANTO CAHYA SUTEDJA', 'Bukan Penerima'),
(102, 'SUDARMADJI', 'PKH'),
(103, 'A ROFIQ', 'PKH'),
(104, 'KAMIT', 'Bukan Penerima'),
(105, 'ASTIM AFANDI', 'BLT - DD'),
(106, 'SUADI', 'Bukan Penerima'),
(107, 'SUJATNO', 'PKH'),
(108, 'MOCH ZAINURI', 'Bukan Penerima'),
(109, 'KUKUH TRI WICAKSONO SAKTI', 'Bukan Penerima'),
(110, 'DJONO', 'Bukan Penerima'),
(111, 'JA\'FAR', 'Bukan Penerima'),
(112, 'BANGUN KUSUMA HARJA', 'Bukan Penerima'),
(113, 'MARWAN', 'Bukan Penerima'),
(114, 'AHMAD AZHARI', 'BST'),
(115, 'ASLIKAN', 'Bukan Penerima'),
(116, 'TEGUH SANTOSO', 'Bukan Penerima'),
(117, 'RABUANTO', 'PKH'),
(118, 'ADENAN', 'BST'),
(119, 'PRAYITNO', 'PKH'),
(120, 'MOCHAMAD SLAMET', 'Bukan Penerima'),
(121, 'MASHARNO', 'Bukan Penerima');

-- --------------------------------------------------------

--
-- Struktur dari tabel `scalling`
--

CREATE TABLE `scalling` (
  `id_scalling` int(11) NOT NULL,
  `id_peserta` int(11) NOT NULL,
  `id_kriteria` int(11) NOT NULL,
  `nilai_scalling` float NOT NULL
) ENGINE=InnoDB DEFAULT CHARSET=utf8mb4;

--
-- Dumping data untuk tabel `scalling`
--

INSERT INTO `scalling` (`id_scalling`, `id_peserta`, `id_kriteria`, `nilai_scalling`) VALUES
(1, 1, 16, 0.444444),
(2, 1, 17, 0),
(3, 1, 18, 0.512195),
(4, 1, 19, 0.7),
(5, 1, 20, 0.0193106),
(6, 1, 21, 0.26),
(7, 2, 16, 0.555556),
(8, 2, 17, 0),
(9, 2, 18, 0.390244),
(10, 2, 19, 0.35),
(11, 2, 20, 0.0965531),
(12, 2, 21, 0.25),
(13, 3, 16, 0.222222),
(14, 3, 17, 0),
(15, 3, 18, 0.0731707),
(16, 3, 19, 0.06),
(17, 3, 20, 0),
(18, 3, 21, 0.2),
(19, 4, 16, 0),
(20, 4, 17, 0),
(21, 4, 18, 0),
(22, 4, 19, 0),
(23, 4, 20, 0),
(24, 4, 21, 0),
(25, 5, 16, 0),
(26, 5, 17, 0),
(27, 5, 18, 0),
(28, 5, 19, 0),
(29, 5, 20, 0),
(30, 5, 21, 0),
(31, 6, 16, 0.333333),
(32, 6, 17, 0),
(33, 6, 18, 1),
(34, 6, 19, 1),
(35, 6, 20, 0),
(36, 6, 21, 0.166667),
(37, 7, 16, 0.111111),
(38, 7, 17, 0),
(39, 7, 18, 0.146341),
(40, 7, 19, 0.12),
(41, 7, 20, 0.0193106),
(42, 7, 21, 0.166667),
(43, 8, 16, 0.444444),
(44, 8, 17, 0),
(45, 8, 18, 0.512195),
(46, 8, 19, 0.44),
(47, 8, 20, 0),
(48, 8, 21, 0.2),
(49, 9, 16, 0.444444),
(50, 9, 17, 0),
(51, 9, 18, 0.512195),
(52, 9, 19, 0.46),
(53, 9, 20, 0),
(54, 9, 21, 0.183333),
(55, 10, 16, 0.333333),
(56, 10, 17, 0),
(57, 10, 18, 0.585366),
(58, 10, 19, 0.5),
(59, 10, 20, 0.00173796),
(60, 10, 21, 0.14),
(61, 11, 16, 0.444444),
(62, 11, 17, 0),
(63, 11, 18, 0.268293),
(64, 11, 19, 0.2),
(65, 11, 20, 0),
(66, 11, 21, 0.216667),
(67, 12, 16, 0.222222),
(68, 12, 17, 0),
(69, 12, 18, 0.390244),
(70, 12, 19, 0.6),
(71, 12, 20, 0),
(72, 12, 21, 0.116667),
(73, 13, 16, 0.444444),
(74, 13, 17, 0),
(75, 13, 18, 0.268293),
(76, 13, 19, 0.2),
(77, 13, 20, 0),
(78, 13, 21, 0.2),
(79, 14, 16, 0.222222),
(80, 14, 17, 0),
(81, 14, 18, 0.390244),
(82, 14, 19, 0.4),
(83, 14, 20, 0),
(84, 14, 21, 0.2),
(85, 15, 16, 0.444444),
(86, 15, 17, 0),
(87, 15, 18, 0.634146),
(88, 15, 19, 0.6),
(89, 15, 20, 0.115864),
(90, 15, 21, 0.266667),
(91, 16, 16, 0.222222),
(92, 16, 17, 0),
(93, 16, 18, 0.390244),
(94, 16, 19, 0.4),
(95, 16, 20, 0),
(96, 16, 21, 0.12),
(97, 17, 16, 0.333333),
(98, 17, 17, 0),
(99, 17, 18, 0.390244),
(100, 17, 19, 0.3),
(101, 17, 20, 0),
(102, 17, 21, 0.266667),
(103, 18, 16, 0),
(104, 18, 17, 0),
(105, 18, 18, 0),
(106, 18, 19, 0),
(107, 18, 20, 0),
(108, 18, 21, 0),
(109, 19, 16, 0.444444),
(110, 19, 17, 0),
(111, 19, 18, 0.512195),
(112, 19, 19, 0.4),
(113, 19, 20, 0.0386212),
(114, 19, 21, 0.3),
(115, 20, 16, 0),
(116, 20, 17, 0),
(117, 20, 18, 0),
(118, 20, 19, 0),
(119, 20, 20, 0),
(120, 20, 21, 0),
(121, 21, 16, 0.222222),
(122, 21, 17, 0),
(123, 21, 18, 0.756098),
(124, 21, 19, 0.8),
(125, 21, 20, 0.14483),
(126, 21, 21, 0.25),
(127, 22, 16, 0.111111),
(128, 22, 17, 0),
(129, 22, 18, 0.390244),
(130, 22, 19, 0.3),
(131, 22, 20, 0.0579318),
(132, 22, 21, 0.2),
(133, 23, 16, 0.444444),
(134, 23, 17, 0),
(135, 23, 18, 0.634146),
(136, 23, 19, 0.52),
(137, 23, 20, 0),
(138, 23, 21, 0.2),
(139, 24, 16, 0.444444),
(140, 24, 17, 0),
(141, 24, 18, 0.634146),
(142, 24, 19, 0.54),
(143, 24, 20, 0.0579318),
(144, 24, 21, 0.226667),
(145, 25, 16, 0.333333),
(146, 25, 17, 0),
(147, 25, 18, 0.634146),
(148, 25, 19, 0.5),
(149, 25, 20, 0),
(150, 25, 21, 0.2),
(151, 26, 16, 0.222222),
(152, 26, 17, 0),
(153, 26, 18, 0.780488),
(154, 26, 19, 0.62),
(155, 26, 20, 0),
(156, 26, 21, 0.2),
(157, 27, 16, 0.222222),
(158, 27, 17, 0),
(159, 27, 18, 0.634146),
(160, 27, 19, 0.6),
(161, 27, 20, 0.173796),
(162, 27, 21, 0.3),
(163, 28, 16, 0.333333),
(164, 28, 17, 0),
(165, 28, 18, 0.634146),
(166, 28, 19, 0.54),
(167, 28, 20, 0),
(168, 28, 21, 0.3),
(169, 29, 16, 0),
(170, 29, 17, 0),
(171, 29, 18, 0),
(172, 29, 19, 0),
(173, 29, 20, 0),
(174, 29, 21, 0),
(175, 30, 16, 0.222222),
(176, 30, 17, 0),
(177, 30, 18, 0.268293),
(178, 30, 19, 0.2),
(179, 30, 20, 0),
(180, 30, 21, 0.25),
(181, 31, 16, 0),
(182, 31, 17, 0),
(183, 31, 18, 0.268293),
(184, 31, 19, 0.2),
(185, 31, 20, 0),
(186, 31, 21, 0.25),
(187, 32, 16, 0.222222),
(188, 32, 17, 0),
(189, 32, 18, 0.390244),
(190, 32, 19, 0.4),
(191, 32, 20, 0),
(192, 32, 21, 0.25),
(193, 33, 16, 0.222222),
(194, 33, 17, 0),
(195, 33, 18, 0.512195),
(196, 33, 19, 0.5),
(197, 33, 20, 0.115864),
(198, 33, 21, 0.25),
(199, 34, 16, 0.222222),
(200, 34, 17, 0),
(201, 34, 18, 0.390244),
(202, 34, 19, 0.3),
(203, 34, 20, 0.0193106),
(204, 34, 21, 0.2),
(205, 35, 16, 0.333333),
(206, 35, 17, 0),
(207, 35, 18, 0.390244),
(208, 35, 19, 0.34),
(209, 35, 20, 0),
(210, 35, 21, 0.2),
(211, 36, 16, 0.333333),
(212, 36, 17, 0),
(213, 36, 18, 0.512195),
(214, 36, 19, 0.4),
(215, 36, 20, 0),
(216, 36, 21, 0.3),
(217, 37, 16, 0.222222),
(218, 37, 17, 0),
(219, 37, 18, 0.390244),
(220, 37, 19, 0.14),
(221, 37, 20, 0),
(222, 37, 21, 0.25),
(223, 38, 16, 0.222222),
(224, 38, 17, 0),
(225, 38, 18, 0.390244),
(226, 38, 19, 0.3),
(227, 38, 20, 0),
(228, 38, 21, 0.35),
(229, 39, 16, 0.333333),
(230, 39, 17, 0),
(231, 39, 18, 0.439024),
(232, 39, 19, 0.4),
(233, 39, 20, 0),
(234, 39, 21, 0.16),
(235, 40, 16, 0.222222),
(236, 40, 17, 0),
(237, 40, 18, 0.634146),
(238, 40, 19, 0.6),
(239, 40, 20, 0),
(240, 40, 21, 0.16),
(241, 41, 16, 0.333333),
(242, 41, 17, 0),
(243, 41, 18, 0.390244),
(244, 41, 19, 0.34),
(245, 41, 20, 0),
(246, 41, 21, 0.333333),
(247, 42, 16, 0.222222),
(248, 42, 17, 0),
(249, 42, 18, 0.268293),
(250, 42, 19, 0.2),
(251, 42, 20, 0),
(252, 42, 21, 0.2),
(253, 43, 16, 0.222222),
(254, 43, 17, 0),
(255, 43, 18, 0.195122),
(256, 43, 19, 0.2),
(257, 43, 20, 0),
(258, 43, 21, 0.2),
(259, 44, 16, 0.222222),
(260, 44, 17, 0),
(261, 44, 18, 0.390244),
(262, 44, 19, 0.4),
(263, 44, 20, 0),
(264, 44, 21, 0.133333),
(265, 45, 16, 0.111111),
(266, 45, 17, 0),
(267, 45, 18, 0.512195),
(268, 45, 19, 0.4),
(269, 45, 20, 0),
(270, 45, 21, 0.383333),
(271, 46, 16, 0.444444),
(272, 46, 17, 0),
(273, 46, 18, 0.390244),
(274, 46, 19, 0.3),
(275, 46, 20, 0),
(276, 46, 21, 0.383333),
(277, 47, 16, 0.333333),
(278, 47, 17, 0),
(279, 47, 18, 0.390244),
(280, 47, 19, 0.3),
(281, 47, 20, 0),
(282, 47, 21, 0.333333),
(283, 48, 16, 0.333333),
(284, 48, 17, 0),
(285, 48, 18, 0.390244),
(286, 48, 19, 0.3),
(287, 48, 20, 0),
(288, 48, 21, 0.12),
(289, 49, 16, 0.222222),
(290, 49, 17, 0),
(291, 49, 18, 0.390244),
(292, 49, 19, 0.34),
(293, 49, 20, 0),
(294, 49, 21, 0.133333),
(295, 50, 16, 0.333333),
(296, 50, 17, 0),
(297, 50, 18, 0.512195),
(298, 50, 19, 0.4),
(299, 50, 20, 0.135174),
(300, 50, 21, 0.12),
(301, 51, 16, 0.333333),
(302, 51, 17, 0),
(303, 51, 18, 0.512195),
(304, 51, 19, 0.4),
(305, 51, 20, 0),
(306, 51, 21, 0.266667),
(307, 52, 16, 0),
(308, 52, 17, 0),
(309, 52, 18, 0.146341),
(310, 52, 19, 0.1),
(311, 52, 20, 0),
(312, 52, 21, 0.16),
(313, 53, 16, 0),
(314, 53, 17, 0),
(315, 53, 18, 0.146341),
(316, 53, 19, 0.1),
(317, 53, 20, 0),
(318, 53, 21, 0.3),
(319, 54, 16, 0.333333),
(320, 54, 17, 0),
(321, 54, 18, 0.390244),
(322, 54, 19, 0.3),
(323, 54, 20, 0.0965531),
(324, 54, 21, 0.16),
(325, 55, 16, 0.333333),
(326, 55, 17, 0),
(327, 55, 18, 0.512195),
(328, 55, 19, 0.5),
(329, 55, 20, 0),
(330, 55, 21, 0.233333),
(331, 56, 16, 0),
(332, 56, 17, 0),
(333, 56, 18, 0.512195),
(334, 56, 19, 0.5),
(335, 56, 20, 0),
(336, 56, 21, 0.16),
(337, 57, 16, 0.333333),
(338, 57, 17, 0),
(339, 57, 18, 0.268293),
(340, 57, 19, 0.2),
(341, 57, 20, 0.0193106),
(342, 57, 21, 0.16),
(343, 58, 16, 0),
(344, 58, 17, 0),
(345, 58, 18, 0.146341),
(346, 58, 19, 0.1),
(347, 58, 20, 0.00965531),
(348, 58, 21, 0.16),
(349, 59, 16, 0.333333),
(350, 59, 17, 0),
(351, 59, 18, 0.390244),
(352, 59, 19, 0.3),
(353, 59, 20, 0),
(354, 59, 21, 0.16),
(355, 60, 16, 0.222222),
(356, 60, 17, 0),
(357, 60, 18, 0.512195),
(358, 60, 19, 0.5),
(359, 60, 20, 0),
(360, 60, 21, 0.16),
(361, 61, 16, 0.111111),
(362, 61, 17, 0),
(363, 61, 18, 0.390244),
(364, 61, 19, 0.32),
(365, 61, 20, 0),
(366, 61, 21, 0.133333),
(367, 62, 16, 0.333333),
(368, 62, 17, 0),
(369, 62, 18, 0.634146),
(370, 62, 19, 0.6),
(371, 62, 20, 0),
(372, 62, 21, 0.133333),
(373, 63, 16, 0.444444),
(374, 63, 17, 0),
(375, 63, 18, 0.707317),
(376, 63, 19, 0.7),
(377, 63, 20, 0.115864),
(378, 63, 21, 0.22),
(379, 64, 16, 0.555556),
(380, 64, 17, 0),
(381, 64, 18, 0.390244),
(382, 64, 19, 0.3),
(383, 64, 20, 0),
(384, 64, 21, 0.25),
(385, 65, 16, 0.222222),
(386, 65, 17, 0),
(387, 65, 18, 0.390244),
(388, 65, 19, 0.4),
(389, 65, 20, 0),
(390, 65, 21, 0.35),
(391, 66, 16, 0.333333),
(392, 66, 17, 0),
(393, 66, 18, 0.390244),
(394, 66, 19, 0.3),
(395, 66, 20, 0),
(396, 66, 21, 0.35),
(397, 67, 16, 0),
(398, 67, 17, 0),
(399, 67, 18, 0.268293),
(400, 67, 19, 0.2),
(401, 67, 20, 0),
(402, 67, 21, 0.12),
(403, 68, 16, 0.222222),
(404, 68, 17, 0),
(405, 68, 18, 0.390244),
(406, 68, 19, 0.4),
(407, 68, 20, 0.115864),
(408, 68, 21, 0),
(409, 69, 16, 0.444444),
(410, 69, 17, 0),
(411, 69, 18, 0.268293),
(412, 69, 19, 0.2),
(413, 69, 20, 0),
(414, 69, 21, 0.25),
(415, 70, 16, 0.444444),
(416, 70, 17, 0),
(417, 70, 18, 0.512195),
(418, 70, 19, 0.4),
(419, 70, 20, 0.0482765),
(420, 70, 21, 0.266667),
(421, 71, 16, 0.111111),
(422, 71, 17, 0),
(423, 71, 18, 0.512195),
(424, 71, 19, 0.4),
(425, 71, 20, 0),
(426, 71, 21, 0.226667),
(427, 72, 16, 0.111111),
(428, 72, 17, 0),
(429, 72, 18, 0.512195),
(430, 72, 19, 0.4),
(431, 72, 20, 0),
(432, 72, 21, 0.2),
(433, 73, 16, 0.888889),
(434, 73, 17, 0),
(435, 73, 18, 0.926829),
(436, 73, 19, 0.8),
(437, 73, 20, 0.619793),
(438, 73, 21, 0.833333),
(439, 74, 16, 0.666667),
(440, 74, 17, 0),
(441, 74, 18, 0.365854),
(442, 74, 19, 0.3),
(443, 74, 20, 0),
(444, 74, 21, 1),
(445, 75, 16, 0.222222),
(446, 75, 17, 0),
(447, 75, 18, 0.329268),
(448, 75, 19, 0.3),
(449, 75, 20, 0.0510186),
(450, 75, 21, 1),
(451, 76, 16, 0.222222),
(452, 76, 17, 0),
(453, 76, 18, 0.463415),
(454, 76, 19, 0.4),
(455, 76, 20, 0.330926),
(456, 76, 21, 0.666667),
(457, 77, 16, 1),
(458, 77, 17, 0),
(459, 77, 18, 0.317073),
(460, 77, 19, 0.25),
(461, 77, 20, 0),
(462, 77, 21, 0.666667),
(463, 78, 16, 0.333333),
(464, 78, 17, 0),
(465, 78, 18, 0.463415),
(466, 78, 19, 0.4),
(467, 78, 20, 0.358115),
(468, 78, 21, 0.6),
(469, 79, 16, 0.555556),
(470, 79, 17, 0),
(471, 79, 18, 0.207317),
(472, 79, 19, 0.16),
(473, 79, 20, 0),
(474, 79, 21, 0.533333),
(475, 80, 16, 0.111111),
(476, 80, 17, 0),
(477, 80, 18, 0.304878),
(478, 80, 19, 0.25),
(479, 80, 20, 0.0840784),
(480, 80, 21, 0.4),
(481, 81, 16, 0.222222),
(482, 81, 17, 0),
(483, 81, 18, 0.134146),
(484, 81, 19, 0.1),
(485, 81, 20, 0),
(486, 81, 21, 0.4),
(487, 82, 16, 1),
(488, 82, 17, 0),
(489, 82, 18, 0.378049),
(490, 82, 19, 0.3),
(491, 82, 20, 0.499913),
(492, 82, 21, 0.6),
(493, 83, 16, 0.111111),
(494, 83, 17, 0),
(495, 83, 18, 0),
(496, 83, 19, 0),
(497, 83, 20, 0),
(498, 83, 21, 0.6),
(499, 84, 16, 0.333333),
(500, 84, 17, 0),
(501, 84, 18, 0.121951),
(502, 84, 19, 0.1),
(503, 84, 20, 0.0567732),
(504, 84, 21, 0.25),
(505, 85, 16, 0.444444),
(506, 85, 17, 0),
(507, 85, 18, 0.487805),
(508, 85, 19, 0.4),
(509, 85, 20, 0),
(510, 85, 21, 0.833333),
(511, 86, 16, 0.222222),
(512, 86, 17, 0),
(513, 86, 18, 0.0487805),
(514, 86, 19, 0.04),
(515, 86, 20, 0),
(516, 86, 21, 0.886667),
(517, 87, 16, 0.333333),
(518, 87, 17, 0),
(519, 87, 18, 0.609756),
(520, 87, 19, 0.5),
(521, 87, 20, 1),
(522, 87, 21, 0.723333),
(523, 88, 16, 0.333333),
(524, 88, 17, 0),
(525, 88, 18, 0.439024),
(526, 88, 19, 0.36),
(527, 88, 20, 0),
(528, 88, 21, 0.586667),
(529, 89, 16, 0.444444),
(530, 89, 17, 0),
(531, 89, 18, 0.487805),
(532, 89, 19, 0.4),
(533, 89, 20, 0),
(534, 89, 21, 0.34),
(535, 90, 16, 0.111111),
(536, 90, 17, 0),
(537, 90, 18, 0.134146),
(538, 90, 19, 0.1),
(539, 90, 20, 0.0265907),
(540, 90, 21, 0),
(541, 91, 16, 0.222222),
(542, 91, 17, 0),
(543, 91, 18, 0.378049),
(544, 91, 19, 0.3),
(545, 91, 20, 0),
(546, 91, 21, 0.833333),
(547, 92, 16, 0.333333),
(548, 92, 17, 0),
(549, 92, 18, 0.47561),
(550, 92, 19, 0.4),
(551, 92, 20, 0.13222),
(552, 92, 21, 0.833333),
(553, 93, 16, 0.555556),
(554, 93, 17, 0),
(555, 93, 18, 0.731707),
(556, 93, 19, 0.6),
(557, 93, 20, 0),
(558, 93, 21, 0.53),
(559, 94, 16, 0.444444),
(560, 94, 17, 0),
(561, 94, 18, 0.134146),
(562, 94, 19, 0.1),
(563, 94, 20, 0),
(564, 94, 21, 0.426667),
(565, 95, 16, 0.333333),
(566, 95, 17, 0),
(567, 95, 18, 0.195122),
(568, 95, 19, 0.15),
(569, 95, 20, 0),
(570, 95, 21, 0.533333),
(571, 96, 16, 0.111111),
(572, 96, 17, 0),
(573, 96, 18, 0.121951),
(574, 96, 19, 0.1),
(575, 96, 20, 0),
(576, 96, 21, 0.533333),
(577, 97, 16, 0.333333),
(578, 97, 17, 0),
(579, 97, 18, 0.317073),
(580, 97, 19, 0.25),
(581, 97, 20, 0),
(582, 97, 21, 0.266667),
(583, 98, 16, 0.333333),
(584, 98, 17, 0),
(585, 98, 18, 0.121951),
(586, 98, 19, 0.1),
(587, 98, 20, 0),
(588, 98, 21, 0.266667),
(589, 99, 16, 0.111111),
(590, 99, 17, 0),
(591, 99, 18, 0.207317),
(592, 99, 19, 0.16),
(593, 99, 20, 0),
(594, 99, 21, 0.56),
(595, 100, 16, 0.222222),
(596, 100, 17, 0),
(597, 100, 18, 0.365854),
(598, 100, 19, 0.3),
(599, 100, 20, 0),
(600, 100, 21, 0.56),
(601, 101, 16, 0.222222),
(602, 101, 17, 0),
(603, 101, 18, 0.487805),
(604, 101, 19, 0.4),
(605, 101, 20, 0),
(606, 101, 21, 0.56),
(607, 102, 16, 0.444444),
(608, 102, 17, 0),
(609, 102, 18, 0.243902),
(610, 102, 19, 0.2),
(611, 102, 20, 0.235647),
(612, 102, 21, 0.526667),
(613, 103, 16, 0.666667),
(614, 103, 17, 0),
(615, 103, 18, 0.134146),
(616, 103, 19, 0.1),
(617, 103, 20, 0),
(618, 103, 21, 0.626667),
(619, 104, 16, 0.111111),
(620, 104, 17, 0),
(621, 104, 18, 0.0121951),
(622, 104, 19, 0),
(623, 104, 20, 0.115941),
(624, 104, 21, 0.526667),
(625, 105, 16, 0.444444),
(626, 105, 17, 0),
(627, 105, 18, 0.207317),
(628, 105, 19, 0.16),
(629, 105, 20, 0.187583),
(630, 105, 21, 0.933333),
(631, 106, 16, 0.111111),
(632, 106, 17, 0),
(633, 106, 18, 0.134146),
(634, 106, 19, 0.1),
(635, 106, 20, 0.0824177),
(636, 106, 21, 0.616667),
(637, 107, 16, 0.666667),
(638, 107, 17, 0),
(639, 107, 18, 0.219512),
(640, 107, 19, 0.18),
(641, 107, 20, 0),
(642, 107, 21, 0.616667),
(643, 108, 16, 0.333333),
(644, 108, 17, 0),
(645, 108, 18, 0.317073),
(646, 108, 19, 0.25),
(647, 108, 20, 0),
(648, 108, 21, 0.616667),
(649, 109, 16, 0.222222),
(650, 109, 17, 0),
(651, 109, 18, 0.363415),
(652, 109, 19, 0.3),
(653, 109, 20, 0),
(654, 109, 21, 0.616667),
(655, 110, 16, 0.222222),
(656, 110, 17, 0),
(657, 110, 18, 0.207317),
(658, 110, 19, 0.16),
(659, 110, 20, 0.115284),
(660, 110, 21, 0.41),
(661, 111, 16, 0.222222),
(662, 111, 17, 0),
(663, 111, 18, 0.609756),
(664, 111, 19, 0.5),
(665, 111, 20, 0),
(666, 111, 21, 1),
(667, 112, 16, 0.111111),
(668, 112, 17, 0),
(669, 112, 18, 0.209756),
(670, 112, 19, 0.16),
(671, 112, 20, 0),
(672, 112, 21, 1),
(673, 113, 16, 0.111111),
(674, 113, 17, 0),
(675, 113, 18, 0.258537),
(676, 113, 19, 0.2),
(677, 113, 20, 0),
(678, 113, 21, 0.396667),
(679, 114, 16, 0.555556),
(680, 114, 17, 0),
(681, 114, 18, 0.258537),
(682, 114, 19, 0.2),
(683, 114, 20, 0),
(684, 114, 21, 0.396667),
(685, 115, 16, 0.333333),
(686, 115, 17, 0),
(687, 115, 18, 0.243902),
(688, 115, 19, 0.2),
(689, 115, 20, 0.0629719),
(690, 115, 21, 0.54),
(691, 116, 16, 0.111111),
(692, 116, 17, 0),
(693, 116, 18, 0.195122),
(694, 116, 19, 0.16),
(695, 116, 20, 0),
(696, 116, 21, 0.54),
(697, 117, 16, 0.444444),
(698, 117, 17, 0),
(699, 117, 18, 0.136585),
(700, 117, 19, 0.1),
(701, 117, 20, 0),
(702, 117, 21, 0.166667),
(703, 118, 16, 0.111111),
(704, 118, 17, 0),
(705, 118, 18, 0.170732),
(706, 118, 19, 0.14),
(707, 118, 20, 0),
(708, 118, 21, 0.32),
(709, 119, 16, 0.444444),
(710, 119, 17, 0),
(711, 119, 18, 0.180488),
(712, 119, 19, 0.14),
(713, 119, 20, 0),
(714, 119, 21, 0.32),
(715, 120, 16, 0.444444),
(716, 120, 17, 0),
(717, 120, 18, 0.317073),
(718, 120, 19, 0.25),
(719, 120, 20, 0),
(720, 120, 21, 0.396667),
(721, 121, 16, 0.222222),
(722, 121, 17, 0),
(723, 121, 18, 0.195122),
(724, 121, 19, 0.16),
(725, 121, 20, 0),
(726, 121, 21, 0);

-- --------------------------------------------------------

--
-- Struktur dari tabel `user`
--

CREATE TABLE `user` (
  `id_user` int(11) NOT NULL,
  `username` varchar(123) NOT NULL,
  `password` varchar(123) NOT NULL,
  `role` varchar(123) NOT NULL
) ENGINE=InnoDB DEFAULT CHARSET=utf8mb4;

--
-- Dumping data untuk tabel `user`
--

INSERT INTO `user` (`id_user`, `username`, `password`, `role`) VALUES
(1, 'admin', 'admin', 'admin'),
(2, 'kades', 'kades', 'kades');

--
-- Indexes for dumped tables
--

--
-- Indeks untuk tabel `datatrain`
--
ALTER TABLE `datatrain`
  ADD PRIMARY KEY (`id_datatrain`);

--
-- Indeks untuk tabel `data_test`
--
ALTER TABLE `data_test`
  ADD PRIMARY KEY (`id_data_test`);

--
-- Indeks untuk tabel `detail_kriteria`
--
ALTER TABLE `detail_kriteria`
  ADD PRIMARY KEY (`id_detail_kriteria`);

--
-- Indeks untuk tabel `jarak_matrix`
--
ALTER TABLE `jarak_matrix`
  ADD PRIMARY KEY (`id_jarak_matrik`);

--
-- Indeks untuk tabel `jawaban`
--
ALTER TABLE `jawaban`
  ADD PRIMARY KEY (`id_jawaban`);

--
-- Indeks untuk tabel `kriteria`
--
ALTER TABLE `kriteria`
  ADD PRIMARY KEY (`id_kriteria`);

--
-- Indeks untuk tabel `lanjutanq`
--
ALTER TABLE `lanjutanq`
  ADD PRIMARY KEY (`id_lanjutanQ`);

--
-- Indeks untuk tabel `nilaiq`
--
ALTER TABLE `nilaiq`
  ADD PRIMARY KEY (`id_nilaiQ`);

--
-- Indeks untuk tabel `normalisasi_waspas`
--
ALTER TABLE `normalisasi_waspas`
  ADD PRIMARY KEY (`id_normalisasi`);

--
-- Indeks untuk tabel `perangkingan`
--
ALTER TABLE `perangkingan`
  ADD PRIMARY KEY (`id_perangkingan`);

--
-- Indeks untuk tabel `peserta`
--
ALTER TABLE `peserta`
  ADD PRIMARY KEY (`id_peserta`);

--
-- Indeks untuk tabel `scalling`
--
ALTER TABLE `scalling`
  ADD PRIMARY KEY (`id_scalling`);

--
-- Indeks untuk tabel `user`
--
ALTER TABLE `user`
  ADD PRIMARY KEY (`id_user`);

--
-- AUTO_INCREMENT untuk tabel yang dibuang
--

--
-- AUTO_INCREMENT untuk tabel `datatrain`
--
ALTER TABLE `datatrain`
  MODIFY `id_datatrain` int(11) NOT NULL AUTO_INCREMENT, AUTO_INCREMENT=727;

--
-- AUTO_INCREMENT untuk tabel `data_test`
--
ALTER TABLE `data_test`
  MODIFY `id_data_test` int(11) NOT NULL AUTO_INCREMENT, AUTO_INCREMENT=31;

--
-- AUTO_INCREMENT untuk tabel `detail_kriteria`
--
ALTER TABLE `detail_kriteria`
  MODIFY `id_detail_kriteria` int(11) NOT NULL AUTO_INCREMENT, AUTO_INCREMENT=29;

--
-- AUTO_INCREMENT untuk tabel `jarak_matrix`
--
ALTER TABLE `jarak_matrix`
  MODIFY `id_jarak_matrik` int(11) NOT NULL AUTO_INCREMENT, AUTO_INCREMENT=606;

--
-- AUTO_INCREMENT untuk tabel `jawaban`
--
ALTER TABLE `jawaban`
  MODIFY `id_jawaban` int(11) NOT NULL AUTO_INCREMENT, AUTO_INCREMENT=727;

--
-- AUTO_INCREMENT untuk tabel `kriteria`
--
ALTER TABLE `kriteria`
  MODIFY `id_kriteria` int(11) NOT NULL AUTO_INCREMENT, AUTO_INCREMENT=22;

--
-- AUTO_INCREMENT untuk tabel `lanjutanq`
--
ALTER TABLE `lanjutanq`
  MODIFY `id_lanjutanQ` int(11) NOT NULL AUTO_INCREMENT, AUTO_INCREMENT=727;

--
-- AUTO_INCREMENT untuk tabel `nilaiq`
--
ALTER TABLE `nilaiq`
  MODIFY `id_nilaiQ` int(11) NOT NULL AUTO_INCREMENT, AUTO_INCREMENT=727;

--
-- AUTO_INCREMENT untuk tabel `normalisasi_waspas`
--
ALTER TABLE `normalisasi_waspas`
  MODIFY `id_normalisasi` int(11) NOT NULL AUTO_INCREMENT, AUTO_INCREMENT=727;

--
-- AUTO_INCREMENT untuk tabel `perangkingan`
--
ALTER TABLE `perangkingan`
  MODIFY `id_perangkingan` int(11) NOT NULL AUTO_INCREMENT, AUTO_INCREMENT=122;

--
-- AUTO_INCREMENT untuk tabel `peserta`
--
ALTER TABLE `peserta`
  MODIFY `id_peserta` int(11) NOT NULL AUTO_INCREMENT, AUTO_INCREMENT=122;

--
-- AUTO_INCREMENT untuk tabel `scalling`
--
ALTER TABLE `scalling`
  MODIFY `id_scalling` int(11) NOT NULL AUTO_INCREMENT, AUTO_INCREMENT=727;

--
-- AUTO_INCREMENT untuk tabel `user`
--
ALTER TABLE `user`
  MODIFY `id_user` int(11) NOT NULL AUTO_INCREMENT, AUTO_INCREMENT=3;
COMMIT;

/*!40101 SET CHARACTER_SET_CLIENT=@OLD_CHARACTER_SET_CLIENT */;
/*!40101 SET CHARACTER_SET_RESULTS=@OLD_CHARACTER_SET_RESULTS */;
/*!40101 SET COLLATION_CONNECTION=@OLD_COLLATION_CONNECTION */;
